{
"type": "FeatureCollection",
"name": "george_vi_measures",
"crs": { "type": "name", "properties": { "name": "urn:ogc:def:crs:OGC:1.3:CRS84" } },
"features": [
{ "type": "Feature", "properties": { "NAME": "George_VI", "Regions": "Peninsula", "TYPE": "FL" }, "geometry": { "type": "Polygon", "coordinates": [ [ [ -73.883160490589546, -73.116594284817609 ], [ -73.887763977050781, -73.128097534179673 ], [ -73.899330139160156, -73.145210266113239 ], [ -73.897705078125, -73.150505065917926 ], [ -73.879341125488295, -73.159530639648409 ], [ -73.881423950195312, -73.164230346679631 ], [ -73.879745483398438, -73.166961669921832 ], [ -73.8720703125, -73.170989990234361 ], [ -73.867134094238281, -73.176467895507812 ], [ -73.869110107421875, -73.183876037597642 ], [ -73.863494873046875, -73.187934875488239 ], [ -73.8701171875, -73.192260742187486 ], [ -73.890487670898452, -73.199546813964801 ], [ -73.903839111328125, -73.200813293456989 ], [ -73.913681030273438, -73.201934814453082 ], [ -73.937835693359375, -73.20439910888669 ], [ -73.955665588378906, -73.205886840820256 ], [ -73.964675903320312, -73.208900451660114 ], [ -73.980293273925767, -73.214721679687486 ], [ -74.009292602539062, -73.21968841552733 ], [ -74.020050048828125, -73.219367980957003 ], [ -74.030876159667969, -73.219512939453082 ], [ -74.040596008300781, -73.220764160156207 ], [ -74.044868469238281, -73.223831176757798 ], [ -74.028587341308594, -73.230781555175739 ], [ -74.004478454589844, -73.238746643066392 ], [ -73.992233276367188, -73.247390747070284 ], [ -73.998016357421875, -73.25209045410152 ], [ -74.005538940429688, -73.254524230956989 ], [ -74.015281677246094, -73.255775451660128 ], [ -74.030410766601562, -73.25582122802733 ], [ -74.06427001953125, -73.260719299316364 ], [ -74.100990295410156, -73.266456604003892 ], [ -74.120986938476562, -73.270050048828111 ], [ -74.133598327636719, -73.275306701660114 ], [ -74.148017883300781, -73.27980041503902 ], [ -74.149826049804688, -73.305580139160114 ], [ -74.149085998535156, -73.310043334960895 ], [ -74.129791259765625, -73.320526123046861 ], [ -74.101791381835938, -73.328643798828082 ], [ -74.092018127441406, -73.333724975585909 ], [ -74.084388732910156, -73.340347290039034 ], [ -74.067794799804688, -73.344871520996051 ], [ -74.058486938476562, -73.349990844726534 ], [ -74.06488037109375, -73.353073120117145 ], [ -74.077400207519531, -73.357421874999972 ], [ -74.081512451171875, -73.364395141601548 ], [ -74.060447692871094, -73.383941650390597 ], [ -74.0465087890625, -73.395774841308551 ], [ -74.032501220703125, -73.398704528808551 ], [ -74.016258239746094, -73.400695800781222 ], [ -74.003074645996094, -73.401725769042955 ], [ -73.992622375488281, -73.400566101074176 ], [ -73.984970092773438, -73.396621704101548 ], [ -73.987991333007812, -73.390983581542926 ], [ -73.994071960449219, -73.385444641113239 ], [ -74.006484985351577, -73.381484985351534 ], [ -74.000373840332045, -73.374946594238224 ], [ -73.98785400390625, -73.372711181640582 ], [ -73.972969055175781, -73.371788024902315 ], [ -73.953216552734375, -73.370468139648409 ], [ -73.932540893554688, -73.371627807617188 ], [ -73.909774780273438, -73.372772216796861 ], [ -73.895866394042983, -73.371917724609332 ], [ -73.890403747558594, -73.368453979492145 ], [ -73.888626098632812, -73.364982604980426 ], [ -73.86883544921875, -73.362136840820298 ], [ -73.852981567382812, -73.362182617187472 ], [ -73.842155456542969, -73.360374450683565 ], [ -73.845123291015625, -73.356391906738253 ], [ -73.85369873046875, -73.354690551757798 ], [ -73.862327575683594, -73.353439331054659 ], [ -73.872154235839844, -73.351539611816364 ], [ -73.87628173828125, -73.349014282226577 ], [ -73.875495910644531, -73.344566345214801 ], [ -73.869422912597656, -73.341194152832003 ], [ -73.855155944824219, -73.337593078613239 ], [ -73.844703674316406, -73.334915161132784 ], [ -73.828323364257812, -73.334457397460895 ], [ -73.81414794921875, -73.330261230468736 ], [ -73.804458618164062, -73.328392028808551 ], [ -73.789093017578125, -73.325904846191378 ], [ -73.77130126953125, -73.319587707519503 ], [ -73.776031494140625, -73.31439208984375 ], [ -73.771324157714844, -73.310218811035128 ], [ -73.759864807128906, -73.303375244140582 ], [ -73.753669738769531, -73.297569274902301 ], [ -73.745330810546875, -73.29127502441402 ], [ -73.721549987792969, -73.27900695800777 ], [ -73.694007873535156, -73.263244628906222 ], [ -73.696052551269531, -73.258125305175753 ], [ -73.68890380859375, -73.253295898437457 ], [ -73.681533813476562, -73.249198913574162 ], [ -73.686454772949219, -73.245384216308551 ], [ -73.693344116210938, -73.243247985839801 ], [ -73.703636169433594, -73.242904663085923 ], [ -73.716827392578125, -73.239181518554645 ], [ -73.719749450683594, -73.234748840331989 ], [ -73.717811584472656, -73.22838592529294 ], [ -73.715652465820312, -73.22277069091794 ], [ -73.718330383300795, -73.216499328613239 ], [ -73.711929321289062, -73.21248626708983 ], [ -73.701866149902344, -73.209518432617159 ], [ -73.690170288085938, -73.208679199218722 ], [ -73.672897338867188, -73.207672119140582 ], [ -73.654869079589844, -73.209472656249972 ], [ -73.646736145019531, -73.206665039062457 ], [ -73.642204284667983, -73.203407287597628 ], [ -73.613304138183594, -73.191734313964815 ], [ -73.611808776855469, -73.188583374023409 ], [ -73.609237670898438, -73.18444061279294 ], [ -73.603385925292969, -73.179405212402301 ], [ -73.602851867675781, -73.171195983886676 ], [ -73.584480285644531, -73.164642333984332 ], [ -73.575553894042969, -73.152397155761676 ], [ -73.577590942382812, -73.148338317871051 ], [ -73.575820922851562, -73.145469665527315 ], [ -73.566184997558608, -73.141616821289034 ], [ -73.556373596191406, -73.134880065917926 ], [ -73.553825378417969, -73.128166198730412 ], [ -73.533252862747787, -73.124212604415192 ], [ -73.452167547418441, -73.13831057729891 ], [ -73.357283297803491, -73.144561046032848 ], [ -73.463675445215273, -73.132523136112013 ], [ -73.470692921414269, -73.119328132489187 ], [ -73.427736200356421, -73.099528701759709 ], [ -73.412222016388597, -73.093804206211573 ], [ -73.3949664599903, -73.096446687300912 ], [ -73.3511169490002, -73.094202512129968 ], [ -73.3225524958752, -73.078783505782297 ], [ -73.304112761494622, -73.075413181278918 ], [ -73.27486552385318, -73.07603564368398 ], [ -73.262669063761692, -73.074601024128953 ], [ -73.249473847465183, -73.075244275163271 ], [ -73.241691865043308, -73.071032849382036 ], [ -73.250969208793308, -73.065966931413271 ], [ -73.246910370902683, -73.062083569596908 ], [ -73.247021387139711, -73.057386418808534 ], [ -73.237137729536897, -73.051828553108322 ], [ -73.225133742055718, -73.046241308424655 ], [ -73.215873993949558, -73.045237866471851 ], [ -73.219230927543308, -73.042003003190629 ], [ -73.218895234183933, -73.038440075944521 ], [ -73.221855439262058, -73.031649914811709 ], [ -73.217827118949558, -73.027758923600771 ], [ -73.199333466605808, -73.026126233171084 ], [ -73.165245331840183, -73.039599743913314 ], [ -73.130424775199558, -73.045939770768769 ], [ -73.115501679496433, -73.056384411882036 ], [ -73.099907197074558, -73.059718457292178 ], [ -73.078178681449558, -73.07664045436249 ], [ -73.049217499808933, -73.081134167741396 ], [ -73.044731415824572, -73.085444775651553 ], [ -73.044731956569095, -73.093050809005078 ], [ -73.020089481055592, -73.108532543021184 ], [ -73.017214868798106, -73.115068320762532 ], [ -72.98236083984375, -73.126899719238224 ], [ -72.96490478515625, -73.129592895507798 ], [ -72.951568603515625, -73.128402709960895 ], [ -72.963836669921875, -73.116767883300739 ], [ -72.977601817188457, -73.108461694327005 ], [ -72.95867919921875, -73.107826232910128 ], [ -72.940647785620129, -73.111796952387209 ], [ -72.891640987105973, -73.113166343169851 ], [ -72.856877019412678, -73.11593556112328 ], [ -72.798061483887892, -73.10861367238455 ], [ -72.776000191820017, -73.112787012212479 ], [ -72.778726778692885, -73.115424719053962 ], [ -72.729110612118035, -73.121657125072801 ], [ -72.710208159441024, -73.128563691650214 ], [ -72.661173565025379, -73.134805409005139 ], [ -72.646121163012339, -73.127069657993076 ], [ -72.596945513204517, -73.125279932904732 ], [ -72.578347583439978, -73.121248643964122 ], [ -72.53699040046196, -73.117696511350971 ], [ -72.484327537877277, -73.113938895604633 ], [ -72.465568199096168, -73.116719445445099 ], [ -72.435792990125918, -73.123119652139664 ], [ -72.384832470581884, -73.122732280522598 ], [ -72.399810791015625, -73.137924194335909 ], [ -72.431365966796875, -73.149330139160142 ], [ -72.4580078125, -73.151779174804645 ], [ -72.4896240234375, -73.163177490234332 ], [ -72.502960205078125, -73.164398193359347 ], [ -72.458709716796889, -73.164604187011676 ], [ -72.375507323371522, -73.152093469722644 ], [ -72.344727954088711, -73.157805050612339 ], [ -72.30309662497244, -73.152524016553684 ], [ -72.235969065518461, -73.147312935974767 ], [ -72.164046824555484, -73.157724206908853 ], [ -72.121969748508917, -73.161958679543176 ], [ -72.123127961038151, -73.207113946876632 ], [ -72.107563361173263, -73.200291121444153 ], [ -72.101584521851237, -73.210679559018303 ], [ -72.091450215058032, -73.212567565619693 ], [ -72.086443233843625, -73.215449601577802 ], [ -72.086540925723853, -73.218550778701484 ], [ -72.086311824299528, -73.2283210534045 ], [ -72.078400122148025, -73.232993980291923 ], [ -72.004603310897835, -73.235884953650157 ], [ -71.928884483837948, -73.238054145997609 ], [ -71.88637560848305, -73.235336133092574 ], [ -71.829568590784419, -73.227898931406529 ], [ -71.817696133642201, -73.224192715721614 ], [ -71.794497436206626, -73.21631244457852 ], [ -71.793648491194745, -73.213134579424832 ], [ -71.800328390232394, -73.211188456231028 ], [ -71.832659460039224, -73.203161695914361 ], [ -71.842037714684736, -73.202761154523785 ], [ -71.857834001498219, -73.201420420698938 ], [ -71.868251848076568, -73.199311428266668 ], [ -71.874408869580719, -73.195279462751913 ], [ -71.801335858208134, -73.191206728927597 ], [ -71.78667640197267, -73.193372197464484 ], [ -71.764489223771207, -73.197969995349368 ], [ -71.755934748123138, -73.199994192841586 ], [ -71.748723072639208, -73.202404439923441 ], [ -71.748757460080412, -73.205505629345524 ], [ -71.743709798075443, -73.209929524314433 ], [ -71.731665989713136, -73.212653628390456 ], [ -71.699768957736566, -73.216321889027284 ], [ -71.683673450918846, -73.217107497557379 ], [ -71.675057983750705, -73.212925714004299 ], [ -71.676914579646933, -73.209745875545565 ], [ -71.688942076973177, -73.203923908460098 ], [ -71.694535051115963, -73.199035951949512 ], [ -71.69154070037871, -73.193068168452555 ], [ -71.693924141845926, -73.189422821086694 ], [ -71.697655117516021, -73.186939483627469 ], [ -71.697358168976763, -73.183295926454051 ], [ -71.699466773306753, -73.17910810314487 ], [ -71.687016559190624, -73.180398755891943 ], [ -71.672174733213026, -73.176606829891341 ], [ -71.665736750520992, -73.170505299093875 ], [ -71.669953925285782, -73.153175013428054 ], [ -71.683224172407847, -73.145639240077386 ], [ -71.691454705480595, -73.135494738228147 ], [ -71.681754946176738, -73.135319804770333 ], [ -71.685469992357653, -73.132061868499122 ], [ -71.695619208488907, -73.130012171631165 ], [ -71.81110578037692, -73.112294717614347 ], [ -71.844059985593134, -73.119041586064455 ], [ -71.890324161092892, -73.119346932467209 ], [ -71.92486981176441, -73.118149272019394 ], [ -71.95009837787714, -73.111771166871534 ], [ -72.0258512397739, -73.098978065348845 ], [ -72.041418737050975, -73.091412391592385 ], [ -72.047059403229142, -73.080861550317834 ], [ -72.078401569519428, -73.068972955843691 ], [ -72.082643512878803, -73.065112482210907 ], [ -72.116109808382589, -73.039757348104317 ], [ -72.126495361328125, -73.027305603027301 ], [ -72.1307373046875, -73.023445129394489 ], [ -72.129012728314649, -73.012548032740881 ], [ -72.119149858677247, -73.003737490271831 ], [ -72.110573837169696, -72.997032823056898 ], [ -72.12518310546875, -72.98884582519527 ], [ -72.122918218683679, -72.981508991511049 ], [ -72.140024573986608, -72.966663435397606 ], [ -72.155939184495296, -72.957258679895972 ], [ -72.147028051682781, -72.952154614954551 ], [ -72.155511938401531, -72.944441297083458 ], [ -72.146600805589046, -72.939337232142051 ], [ -72.150842748948406, -72.935476758509239 ], [ -72.141962133714031, -72.930372693567861 ], [ -72.128413829771219, -72.921161073075353 ], [ -72.10368494236468, -72.895712313175849 ], [ -72.085773118269813, -72.882724854283353 ], [ -72.091769523504098, -72.854813029136807 ], [ -72.102327439277957, -72.885063971430938 ], [ -72.125734197778925, -72.894048243606193 ], [ -72.157162978213492, -72.919417033122329 ], [ -72.201885101285825, -72.931165639596102 ], [ -72.222856003932705, -72.937229402604643 ], [ -72.23707186886395, -72.938749257760179 ], [ -72.260681709628486, -72.944235950690896 ], [ -72.273264045042936, -72.956207481324725 ], [ -72.293262194414027, -72.958089811510135 ], [ -72.3207510680827, -72.955114309029696 ], [ -72.342176063705935, -72.953857687639356 ], [ -72.391754283888943, -72.945893025442714 ], [ -72.40153744309012, -72.939765376825349 ], [ -72.404581491543993, -72.933641986162087 ], [ -72.432298808281686, -72.925439616454184 ], [ -72.438043016678577, -72.916246596491646 ], [ -72.410442230192075, -72.91245073481096 ], [ -72.374634886463355, -72.904512692843525 ], [ -72.3704336852702, -72.895948354439867 ], [ -72.37879550167645, -72.888227407174242 ], [ -72.396200548645282, -72.876456799042913 ], [ -72.399295576318451, -72.868474730062303 ], [ -72.403202112211162, -72.86098158316122 ], [ -72.414125547545353, -72.852854737928766 ], [ -72.46432921862376, -72.799793380007159 ], [ -72.462022181601881, -72.7627446167767 ], [ -72.430705902067075, -72.740964833932054 ], [ -72.430522796598325, -72.737409536080492 ], [ -72.3970450133952, -72.738973561959412 ], [ -72.38013827511395, -72.736196462350023 ], [ -72.353557464567075, -72.731313649850009 ], [ -72.358135101285825, -72.727018300728929 ], [ -72.34962069698895, -72.723859731392992 ], [ -72.3565176696452, -72.717428151803148 ], [ -72.3550528258952, -72.711378041939867 ], [ -72.35486972042645, -72.707822744088304 ], [ -72.347514984098325, -72.703580800728929 ], [ -72.3637198180827, -72.692129079537537 ], [ -72.37549960323895, -72.688520375924242 ], [ -72.3603515625, -72.676765441894474 ], [ -72.36248779296875, -72.671066284179659 ], [ -72.357803344726562, -72.667175292968707 ], [ -72.344207763671875, -72.665580749511662 ], [ -72.307029724121094, -72.661743164062457 ], [ -72.231269836425781, -72.65254211425777 ], [ -72.184440612792969, -72.647750854492145 ], [ -72.086036682128906, -72.641181945800724 ], [ -72.080299377441406, -72.638946533203082 ], [ -72.068191528320312, -72.634132385253864 ], [ -72.052650451660156, -72.632019042968707 ], [ -72.042083740234375, -72.632362365722614 ], [ -72.028312683105469, -72.633316040039034 ], [ -72.019241333007812, -72.63227844238277 ], [ -72.004745483398438, -72.634834289550739 ], [ -71.973663330078125, -72.636688232421832 ], [ -71.943557739257812, -72.634368896484332 ], [ -71.928474426269531, -72.631378173828082 ], [ -71.912345886230469, -72.629806518554645 ], [ -71.882438659667969, -72.628707885742159 ], [ -71.839500427246094, -72.626945495605426 ], [ -71.78342437744142, -72.627845764160114 ], [ -71.756591796875, -72.626724243164006 ], [ -71.722114562988281, -72.626525878906193 ], [ -71.59738922119142, -72.629890441894489 ], [ -71.517066955566406, -72.631805419921832 ], [ -71.495468139648438, -72.629646301269474 ], [ -71.474929809570312, -72.628814697265597 ], [ -71.448379516601562, -72.634246826171804 ], [ -71.436408996582031, -72.635795593261676 ], [ -71.423271179199219, -72.630203247070256 ], [ -71.412261962890625, -72.627723693847614 ], [ -71.377021789550781, -72.626777648925753 ], [ -71.367660522460938, -72.628280639648395 ], [ -71.358573913574219, -72.63179016113277 ], [ -71.334579467773438, -72.638084411621037 ], [ -71.320472717285156, -72.637886047363239 ], [ -71.204048156738281, -72.639854431152301 ], [ -71.127784729003906, -72.641571044921818 ], [ -71.025146484375, -72.647445678710881 ], [ -70.979927062988281, -72.650611877441378 ], [ -70.961715698242202, -72.653480529785128 ], [ -70.933708190917969, -72.655502319335895 ], [ -70.920249938964844, -72.654266357421818 ], [ -70.899375915527344, -72.650115966796832 ], [ -70.893173217773438, -72.647941589355426 ], [ -70.878074645996094, -72.63044738769527 ], [ -70.866485595703125, -72.606414794921832 ], [ -70.864883422851562, -72.58570861816402 ], [ -70.854011535644531, -72.578758239746037 ], [ -70.834999084472656, -72.576629638671832 ], [ -70.804336547851562, -72.565155029296818 ], [ -70.7933349609375, -72.561859130859332 ], [ -70.777381896972656, -72.560188293456989 ], [ -70.762283325195312, -72.563056945800739 ], [ -70.735343933105469, -72.57081604003902 ], [ -70.727279663085938, -72.576416015624943 ], [ -70.725715637207031, -72.586524963378849 ], [ -70.720680236816406, -72.592590332031222 ], [ -70.715568542480469, -72.606170654296818 ], [ -70.711387634277358, -72.610176086425724 ], [ -70.718780517578125, -72.624908447265582 ], [ -70.7193603515625, -72.644142150878878 ], [ -70.717529296875, -72.650085449218679 ], [ -70.706809997558594, -72.658782958984332 ], [ -70.68865966796875, -72.66548156738277 ], [ -70.620956420898438, -72.664840698242159 ], [ -70.609962463378906, -72.663688659667912 ], [ -70.589973449707031, -72.664047241210881 ], [ -70.576347351074233, -72.66860198974608 ], [ -70.563949584960938, -72.672981262207017 ], [ -70.552658081054688, -72.674247741699176 ], [ -70.541122436523438, -72.674415588378906 ], [ -70.530479431152344, -72.672523498535128 ], [ -70.486289978027344, -72.656806945800739 ], [ -70.460777282714844, -72.650108337402287 ], [ -70.433319091796875, -72.64289855957027 ], [ -70.410499572753906, -72.640014648437443 ], [ -70.403938293457031, -72.637321472167926 ], [ -70.372978210449219, -72.634796142578082 ], [ -70.290550231933594, -72.631835937499943 ], [ -70.263778686523438, -72.630973815917955 ], [ -70.207374572753906, -72.623069763183551 ], [ -70.1732177734375, -72.617233276367131 ], [ -70.156196594238281, -72.61555480957027 ], [ -70.127464294433594, -72.612915039062472 ], [ -70.112495422363281, -72.614219665527301 ], [ -70.093650817871094, -72.617881774902301 ], [ -70.074081420898438, -72.619148254394474 ], [ -70.011680603027344, -72.617919921874943 ], [ -69.967109680175781, -72.619384765624943 ], [ -69.926536560058594, -72.622200012206974 ], [ -69.882041931152344, -72.622734069824176 ], [ -69.820915222167969, -72.614952087402301 ], [ -69.778656005859375, -72.613227844238239 ], [ -69.746047973632812, -72.608711242675739 ], [ -69.727432250976562, -72.603721618652287 ], [ -69.709663391113281, -72.600990295410114 ], [ -69.690254211425781, -72.597908020019489 ], [ -69.666595458984375, -72.598686218261676 ], [ -69.645851135253906, -72.59669494628902 ], [ -69.623382568359375, -72.597747802734332 ], [ -69.591911315917969, -72.591926574706989 ], [ -69.575927734375, -72.589843749999943 ], [ -69.556724548339844, -72.586616516113224 ], [ -69.532493591308594, -72.584526062011676 ], [ -69.478912353515625, -72.58363342285152 ], [ -69.468338012695298, -72.58259582519527 ], [ -69.461257934570312, -72.579177856445284 ], [ -69.448196411132812, -72.578483581542912 ], [ -69.443161010742173, -72.575904846191392 ], [ -69.437278747558594, -72.572776794433537 ], [ -69.426200866699219, -72.570907592773366 ], [ -69.386459350585938, -72.572151184081974 ], [ -69.369667053222656, -72.571960449218693 ], [ -69.33544921875, -72.564697265624957 ], [ -69.305107116699219, -72.557235717773395 ], [ -69.285873413085938, -72.554901123046832 ], [ -69.260078430175781, -72.547950744628864 ], [ -69.242729187011719, -72.53962707519527 ], [ -69.216606140136719, -72.530929565429645 ], [ -69.1768798828125, -72.513847351074162 ], [ -69.153564453125014, -72.496467590331989 ], [ -69.171798706054688, -72.482452392578082 ], [ -69.208259582519531, -72.464950561523366 ], [ -69.216697692871094, -72.455390930175753 ], [ -69.225906372070312, -72.437873840331974 ], [ -69.227836608886719, -72.431442260742159 ], [ -69.223358154296875, -72.426437377929616 ], [ -69.214065551757812, -72.421195983886648 ], [ -69.194282531738267, -72.417373657226534 ], [ -69.175750732421875, -72.419891357421847 ], [ -69.159431457519531, -72.417396545410114 ], [ -69.153083801269531, -72.411865234374943 ], [ -69.157890319824219, -72.405601501464815 ], [ -69.169151306152344, -72.390953063964801 ], [ -69.171798706054688, -72.382743835449162 ], [ -69.164009094238281, -72.376739501953082 ], [ -69.152107238769531, -72.373199462890597 ], [ -69.100540161132812, -72.363830566406207 ], [ -69.066360473632812, -72.360954284667926 ], [ -69.054473876953125, -72.360664367675724 ], [ -69.040184020996094, -72.360244750976506 ], [ -69.032257080078125, -72.35762023925777 ], [ -69.015869140625, -72.351989746093693 ], [ -69.005050659179688, -72.351661682128864 ], [ -68.963722229003906, -72.362503051757784 ], [ -68.957145690917969, -72.368087768554616 ], [ -68.944732666015639, -72.370208740234332 ], [ -68.919677734375, -72.343246459960895 ], [ -68.914619445800795, -72.325912475585895 ], [ -68.906929016113281, -72.315086364746037 ], [ -68.91839599609375, -72.308059692382756 ], [ -68.930442810058594, -72.296134948730412 ], [ -68.92392730712892, -72.292427062988239 ], [ -68.903984069824219, -72.288070678710881 ], [ -68.866401672363281, -72.29078674316402 ], [ -68.85614013671875, -72.290046691894474 ], [ -68.841941833496094, -72.28077697753902 ], [ -68.808792114257812, -72.273605346679616 ], [ -68.795127868652344, -72.265937805175739 ], [ -68.768775939941406, -72.260650634765554 ], [ -68.770072937011719, -72.257232666015568 ], [ -68.78631591796875, -72.247673034667912 ], [ -68.790130615234375, -72.240676879882784 ], [ -68.784683227539062, -72.230567932128864 ], [ -68.762313842773438, -72.218605041503835 ], [ -68.74481201171875, -72.215599060058523 ], [ -68.732048034667969, -72.214851379394489 ], [ -68.720756530761719, -72.213356018066349 ], [ -68.685638427734375, -72.211036682128864 ], [ -68.645721435546875, -72.213256835937443 ], [ -68.630355834960938, -72.213745117187443 ], [ -68.616806030273438, -72.216781616210866 ], [ -68.602195739746094, -72.223426818847614 ], [ -68.582672119140625, -72.235069274902287 ], [ -68.558204650878906, -72.247360229492145 ], [ -68.548133850097656, -72.250045776367145 ], [ -68.535682678222656, -72.252586364746023 ], [ -68.5263671875, -72.25349426269527 ], [ -68.514732360839844, -72.253028869628864 ], [ -68.455986022949219, -72.240524291992145 ], [ -68.443771362304688, -72.235786437988224 ], [ -68.424514770507812, -72.222732543945284 ], [ -68.413337707519531, -72.207382202148381 ], [ -68.407272338867202, -72.199493408203068 ], [ -68.413131713867188, -72.190246582031193 ], [ -68.426315307617188, -72.178466796874957 ], [ -68.436119079589844, -72.164573669433537 ], [ -68.430419921875, -72.150512695312443 ], [ -68.414108276367188, -72.141532897949148 ], [ -68.399971008300781, -72.129707336425739 ], [ -68.395698547363281, -72.122810363769474 ], [ -68.38555908203125, -72.114578247070256 ], [ -68.3673095703125, -72.097740173339787 ], [ -68.356430053710938, -72.081474304199176 ], [ -68.358970642089844, -72.063430786132741 ], [ -68.353652954101577, -72.042877197265554 ], [ -68.358642578125, -72.036643981933523 ], [ -68.365097045898438, -72.029655456542898 ], [ -68.374618530273438, -72.025382995605383 ], [ -68.398170471191406, -72.008987426757727 ], [ -68.426254272460938, -71.998428344726491 ], [ -68.441009521484375, -71.991996765136662 ], [ -68.438003540039062, -71.981369018554616 ], [ -68.436874389648438, -71.968490600585881 ], [ -68.440536499023438, -71.956970214843679 ], [ -68.437591552734375, -71.951019287109318 ], [ -68.428543090820312, -71.933746337890554 ], [ -68.430290222167969, -71.922149658203054 ], [ -68.439559936523438, -71.910545349121037 ], [ -68.448875427246094, -71.903610229492116 ], [ -68.451950073242188, -71.895286560058523 ], [ -68.440658569335938, -71.890014648437429 ], [ -68.420364379882812, -71.888298034667883 ], [ -68.409065246582031, -71.888153076171804 ], [ -68.361732482910156, -71.891174316406193 ], [ -68.315574645996094, -71.890136718749943 ], [ -68.279670715332031, -71.887718200683523 ], [ -68.246963500976562, -71.880859374999929 ], [ -68.232894897460938, -71.875061035156193 ], [ -68.225387573242188, -71.868843078613224 ], [ -68.224769592285156, -71.858024597167912 ], [ -68.221748352050781, -71.853759765624929 ], [ -68.21923828125, -71.842872619628835 ], [ -68.218368530273438, -71.834205627441321 ], [ -68.217155456542969, -71.824249267578054 ], [ -68.221511840820312, -71.804100036621023 ], [ -68.223556518554673, -71.792381286621023 ], [ -68.220108032226562, -71.777946472167912 ], [ -68.21246337890625, -71.757858276367116 ], [ -68.213996887207031, -71.748092651367116 ], [ -68.214248657226562, -71.742835998535099 ], [ -68.223304748535156, -71.73572540283196 ], [ -68.245613098144531, -71.727943420410085 ], [ -68.261573791503906, -71.72201538085929 ], [ -68.274444580078125, -71.713829040527287 ], [ -68.281005859375, -71.709053039550696 ], [ -68.279960632324219, -71.705184936523366 ], [ -68.274482727050781, -71.701705932617102 ], [ -68.266525268554688, -71.697441101074162 ], [ -68.257980346679688, -71.694038391113196 ], [ -68.239456176757798, -71.691093444824148 ], [ -68.229560852050781, -71.691871643066321 ], [ -68.215309143066406, -71.689460754394432 ], [ -68.205413818359375, -71.680130004882741 ], [ -68.212821960449219, -71.67157745361321 ], [ -68.214950561523438, -71.664062499999943 ], [ -68.21331787109375, -71.654838562011648 ], [ -68.211784362792969, -71.649826049804602 ], [ -68.227432250976562, -71.639823913574133 ], [ -68.226150512695312, -71.636550903320241 ], [ -68.22137451171875, -71.627090454101491 ], [ -68.20819091796875, -71.618431091308537 ], [ -68.189544677734375, -71.61389923095696 ], [ -68.176643371582031, -71.605422973632741 ], [ -68.194305419921875, -71.591484069824162 ], [ -68.218223571777344, -71.585792541503821 ], [ -68.210586547851577, -71.57705688476554 ], [ -68.215484619140625, -71.555290222167883 ], [ -68.210220336914062, -71.533790588378821 ], [ -68.219825744628906, -71.50204467773429 ], [ -68.24725341796875, -71.465431213378821 ], [ -68.270942687988281, -71.447303771972585 ], [ -68.26483154296875, -71.433479309081946 ], [ -68.273391723632812, -71.428970336913991 ], [ -68.269454956054688, -71.412620544433523 ], [ -68.271408081054688, -71.395469665527287 ], [ -68.263648986816406, -71.386100769042898 ], [ -68.2696533203125, -71.376609802246037 ], [ -68.274314880371094, -71.368194580078054 ], [ -68.277816772460938, -71.364601135253821 ], [ -68.279464721679688, -71.357048034667883 ], [ -68.267868041992188, -71.34841918945304 ], [ -68.260833740234375, -71.346282958984304 ], [ -68.243583679199219, -71.343765258788977 ], [ -68.238037109375, -71.336532592773366 ], [ -68.245223999023438, -71.331550598144432 ], [ -68.256072998046875, -71.32361602783196 ], [ -68.254890441894545, -71.320671081542883 ], [ -68.248359680175781, -71.315795898437415 ], [ -68.242156982421875, -71.307548522949133 ], [ -68.244476318359375, -71.301010131835866 ], [ -68.249137878417969, -71.295700073242131 ], [ -68.247611999511719, -71.286811828613196 ], [ -68.246925354003906, -71.278022766113196 ], [ -68.249534606933594, -71.258789062499929 ], [ -68.246353149414062, -71.251235961913963 ], [ -68.245841979980469, -71.246200561523352 ], [ -68.246658325195312, -71.240089416503835 ], [ -68.241142272949219, -71.231307983398352 ], [ -68.240608215332031, -71.21694946289054 ], [ -68.24088287353517, -71.191825866699133 ], [ -68.241012573242188, -71.175384521484304 ], [ -68.241485595703125, -71.164886474609304 ], [ -68.242630004882812, -71.15851593017571 ], [ -68.249725341796875, -71.145767211913977 ], [ -68.266586303710938, -71.136756896972557 ], [ -68.287078857421875, -71.131019592285057 ], [ -68.296836853027344, -71.130104064941307 ], [ -68.312873840332031, -71.127204895019446 ], [ -68.340057373046875, -71.112083435058508 ], [ -68.345130920410156, -71.105598449706932 ], [ -68.336997985839844, -71.100517272949133 ], [ -68.321128845214844, -71.099403381347557 ], [ -68.309394836425781, -71.098823547363182 ], [ -68.282310485839844, -71.100608825683494 ], [ -68.273056030273438, -71.100341796874915 ], [ -68.271186828613281, -71.087059020995994 ], [ -68.273124694824219, -71.076133728027244 ], [ -68.273437500000014, -71.071212768554602 ], [ -68.290351867675781, -71.056640624999901 ], [ -68.314964294433594, -71.038101196288949 ], [ -68.32135009765625, -71.033653259277258 ], [ -68.319847106933594, -71.029418945312429 ], [ -68.334274291992188, -71.022293090820213 ], [ -68.362190246582031, -71.016593933105383 ], [ -68.392753601074219, -71.013404846191293 ], [ -68.4197998046875, -71.006034851074119 ], [ -68.424484252929688, -70.999816894531179 ], [ -68.418998718261719, -70.994148254394446 ], [ -68.418548583984375, -70.983551025390526 ], [ -68.417976379394531, -70.976966857910085 ], [ -68.416427612304688, -70.971191406249915 ], [ -68.394233703613295, -70.966773986816307 ], [ -68.389892578125, -70.959388732910071 ], [ -68.36883544921875, -70.951705932617116 ], [ -68.361885070800781, -70.943359374999901 ], [ -68.356582641601562, -70.936782836913963 ], [ -68.348686218261719, -70.93234252929679 ], [ -68.351104736328125, -70.928009033203026 ], [ -68.339927673339844, -70.921592712402258 ], [ -68.326133728027344, -70.914215087890526 ], [ -68.317100524902344, -70.908393859863196 ], [ -68.315231323242188, -70.896667480468665 ], [ -68.319358825683594, -70.877670288085852 ], [ -68.318672180175781, -70.873550415038977 ], [ -68.308517456054688, -70.866333007812401 ], [ -68.311714172363281, -70.855895996093651 ], [ -68.321456909179688, -70.849411010742088 ], [ -68.318809509277344, -70.843795776367088 ], [ -68.330497741699219, -70.837257385253807 ], [ -68.330131530761719, -70.831321716308494 ], [ -68.333023071289062, -70.825805664062401 ], [ -68.349945068359375, -70.824295043945199 ], [ -68.3609619140625, -70.818290710449133 ], [ -68.368759155273438, -70.816513061523324 ], [ -68.369544982910156, -70.81352233886706 ], [ -68.3621826171875, -70.809455871581903 ], [ -68.354690551757812, -70.807861328124886 ], [ -68.33807373046875, -70.804450988769432 ], [ -68.330245971679688, -70.801567077636619 ], [ -68.331016540527358, -70.795471191406136 ], [ -68.338439941406264, -70.787757873535043 ], [ -68.368240356445327, -70.777084350585838 ], [ -68.371940612792969, -70.773231506347543 ], [ -68.381172180175781, -70.771026611328026 ], [ -68.373672485351562, -70.767875671386619 ], [ -68.388252258300781, -70.765129089355355 ], [ -68.402168273925781, -70.761367797851449 ], [ -68.406654357910156, -70.756072998046776 ], [ -68.404304504394531, -70.748634338378807 ], [ -68.400344848632812, -70.742546081542855 ], [ -68.40350341796875, -70.735206604003793 ], [ -68.421905517578125, -70.729248046874886 ], [ -68.430076599121094, -70.72164154052723 ], [ -68.425399780273438, -70.709877014160028 ], [ -68.442031860351562, -70.694396972656122 ], [ -68.444206237792969, -70.687866210937372 ], [ -68.434623718261719, -70.684135437011591 ], [ -68.426628112792969, -70.677520751953011 ], [ -68.441032409667983, -70.667015075683466 ], [ -68.440872192382812, -70.654609680175653 ], [ -68.455352783203125, -70.651855468749886 ], [ -68.463050842285156, -70.648529052734261 ], [ -68.471893310546875, -70.646591186523324 ], [ -68.482673645019531, -70.644592285156136 ], [ -68.485687255859375, -70.641273498535043 ], [ -68.484809875488281, -70.636512756347543 ], [ -68.479278564453125, -70.633316040038949 ], [ -68.468040466308594, -70.62472534179679 ], [ -68.469566345214844, -70.618728637695185 ], [ -68.479255676269531, -70.609786987304574 ], [ -68.488304138183594, -70.601371765136605 ], [ -68.494430541992173, -70.592269897460824 ], [ -68.504150390625, -70.586425781249872 ], [ -68.513618469238295, -70.585502624511591 ], [ -68.533676147460938, -70.583488464355341 ], [ -68.541595458984375, -70.576782226562386 ], [ -68.576126098632812, -70.568000793456918 ], [ -68.585456848144531, -70.560867309570213 ], [ -68.594146728515639, -70.554267883300668 ], [ -68.595458984375, -70.547637939453011 ], [ -68.59185791015625, -70.544380187988153 ], [ -68.592422485351562, -70.540748596191293 ], [ -68.60394287109375, -70.531738281249872 ], [ -68.608489990234375, -70.527076721191307 ], [ -68.604408264160156, -70.523445129394418 ], [ -68.603645324707031, -70.51778411865223 ], [ -68.613616943359375, -70.497444152831918 ], [ -68.62017822265625, -70.490264892577997 ], [ -68.625030517578139, -70.48533630371081 ], [ -68.632102966308608, -70.480079650878793 ], [ -68.634719848632812, -70.475471496581918 ], [ -68.63287353515625, -70.471519470214716 ], [ -68.628410339355469, -70.465065002441293 ], [ -68.631019592285156, -70.453353881835824 ], [ -68.638015747070312, -70.444992065429574 ], [ -68.657417297363281, -70.435485839843622 ], [ -68.664253234863281, -70.428031921386605 ], [ -68.678886413574219, -70.413887023925653 ], [ -68.695877075195312, -70.405601501464716 ], [ -68.708511352539062, -70.395523071288935 ], [ -68.721450805664062, -70.379608154296761 ], [ -68.719551086425781, -70.37410736083973 ], [ -68.724571228027344, -70.365806579589702 ], [ -68.71771240234375, -70.359046936035028 ], [ -68.716209411621094, -70.356376647949105 ], [ -68.718963623046875, -70.352416992187372 ], [ -68.719635009765625, -70.347869873046747 ], [ -68.7398681640625, -70.33909606933581 ], [ -68.743278503417969, -70.336143493652202 ], [ -68.750358581542969, -70.328430175781136 ], [ -68.753715515136719, -70.323928833007685 ], [ -68.766441345214844, -70.314483642578011 ], [ -68.772621154785156, -70.309120178222528 ], [ -68.779067993164062, -70.307495117187386 ], [ -68.785781860351562, -70.304054260253778 ], [ -68.794075012207031, -70.300819396972528 ], [ -68.797470092773438, -70.297866821288935 ], [ -68.807449340820312, -70.297935485839702 ], [ -68.814704895019531, -70.301971435546747 ], [ -68.826400756835923, -70.301338195800668 ], [ -68.8194580078125, -70.29704284667956 ], [ -68.83599853515625, -70.294570922851435 ], [ -68.837615966796875, -70.290771484374872 ], [ -68.845001220703125, -70.284332275390497 ], [ -68.850151062011719, -70.282234191894403 ], [ -68.847053527832031, -70.279357910156122 ], [ -68.848846435546875, -70.27619934082017 ], [ -68.854011535644531, -70.270088195800653 ], [ -68.859161376953125, -70.267982482910043 ], [ -68.872123718261733, -70.267829895019403 ], [ -68.877571105957031, -70.265457153320185 ], [ -68.869651794433594, -70.260406494140497 ], [ -68.87591552734375, -70.254135131835824 ], [ -68.887832641601562, -70.251678466796761 ], [ -68.893959045410156, -70.246315002441278 ], [ -68.901657104492188, -70.24516296386706 ], [ -68.9073486328125, -70.240966796874858 ], [ -68.914375305175781, -70.238800048827997 ], [ -68.921104431152344, -70.23289489746081 ], [ -68.935638427734375, -70.224929809570199 ], [ -68.940826416015625, -70.220367431640497 ], [ -68.947044372558594, -70.218093872070185 ], [ -68.958206176757812, -70.213073730468608 ], [ -68.966255187988281, -70.209197998046747 ], [ -68.997184753417969, -70.194732666015497 ], [ -69.005813598632812, -70.186309814452983 ], [ -69.022300720214844, -70.181365966796719 ], [ -69.025146484375, -70.178039550781094 ], [ -69.017105102539062, -70.173912048339702 ], [ -69.035087585449219, -70.167633056640511 ], [ -69.040359497070312, -70.16215515136706 ], [ -69.048614501953125, -70.160461425781094 ], [ -69.060295104980469, -70.161361694335795 ], [ -69.064163208007812, -70.156318664550625 ], [ -69.071182250976562, -70.151687622070185 ], [ -69.072257995605469, -70.147521972656108 ], [ -69.0836181640625, -70.138221740722514 ], [ -69.084983825683594, -70.133781433105341 ], [ -69.082893371582031, -70.129196166992031 ], [ -69.091598510742188, -70.123863220214702 ], [ -69.095489501953125, -70.116371154785014 ], [ -69.094956535270896, -70.113530799976587 ], [ -69.068707285720691, -70.100424815682672 ], [ -69.059324993796523, -70.101778984459983 ], [ -69.041441375359753, -70.113185807366165 ], [ -69.009417783594529, -70.107063169244654 ], [ -68.999640709894351, -70.095876459421802 ], [ -68.939791376023265, -70.091881279676883 ], [ -68.914665749846662, -70.0873582098518 ], [ -68.819964724483768, -70.098342621265999 ], [ -68.774278262120816, -70.100008972607995 ], [ -68.758974741854772, -70.099712010129508 ], [ -68.709391286212607, -70.10505614779359 ], [ -68.536875540274622, -70.121681831272127 ], [ -68.527499496678132, -70.114834139866588 ], [ -68.512115151809141, -70.11382634601415 ], [ -68.482025473134087, -70.114005670883529 ], [ -68.477109176119583, -70.108679905831096 ], [ -68.465560701020621, -70.108657419396181 ], [ -68.45614054569333, -70.103844329189357 ], [ -68.426985217036602, -70.097644026426593 ], [ -68.422042846679688, -70.09309387207017 ], [ -68.413330078125, -70.091606140136562 ], [ -68.401206970214844, -70.093833923339687 ], [ -68.385284423828125, -70.092300415038935 ], [ -68.3685302734375, -70.093437194824091 ], [ -68.358688354492188, -70.09721374511706 ], [ -68.340690612792969, -70.100196838378764 ], [ -68.337265014648438, -70.103904724120952 ], [ -68.335166931152358, -70.106872558593608 ], [ -68.324150085449233, -70.11280822753892 ], [ -68.313804626464844, -70.113883972167827 ], [ -68.304718017578125, -70.115440368652187 ], [ -68.299568176269531, -70.120620727538935 ], [ -68.300834655761719, -70.123428344726406 ], [ -68.299377441406264, -70.129730224609233 ], [ -68.295402526855469, -70.13429260253892 ], [ -68.2939453125, -70.141372680663935 ], [ -68.289405822753906, -70.145248413085795 ], [ -68.281745910644531, -70.154113769531122 ], [ -68.279739379882812, -70.164367675781108 ], [ -68.277732849121108, -70.173080444335781 ], [ -68.280364990234375, -70.182098388671747 ], [ -68.280540466308608, -70.185066223144375 ], [ -68.270248413085938, -70.191108703613168 ], [ -68.264114379882812, -70.193992614745966 ], [ -68.255294799804688, -70.193725585937358 ], [ -68.24371337890625, -70.190765380859247 ], [ -68.226768493652344, -70.184600830077983 ], [ -68.217247009277344, -70.18299865722642 ], [ -68.207878112792969, -70.185142517089702 ], [ -68.205123901367188, -70.188636779785 ], [ -68.207328796386719, -70.191413879394389 ], [ -68.221916198730469, -70.203460693359233 ], [ -68.225944519042969, -70.209732055663935 ], [ -68.218544006347656, -70.219886779785014 ], [ -68.210105895996094, -70.225090026855327 ], [ -68.195121765136719, -70.229255676269403 ], [ -68.176887512207031, -70.235000610351435 ], [ -68.156822204589844, -70.244209289550653 ], [ -68.150810241699219, -70.246963500976435 ], [ -68.1422119140625, -70.246101379394403 ], [ -68.133140563964844, -70.243324279785014 ], [ -68.120750427246108, -70.241790771484247 ], [ -68.112846374511733, -70.24382019042956 ], [ -68.101997375488281, -70.249473571777202 ], [ -68.085960388183594, -70.250244140624872 ], [ -68.071029663085938, -70.250068664550653 ], [ -68.058357238769531, -70.255325317382685 ], [ -68.054840087890625, -70.260581970214716 ], [ -68.058052062988281, -70.264434814452997 ], [ -68.060356169006269, -70.267032219383523 ], [ -68.056703790929504, -70.271728198387606 ], [ -68.039382934570312, -70.275848388671747 ], [ -68.032142639160156, -70.281532287597528 ], [ -68.021614074707031, -70.282264709472514 ], [ -68.006256103515625, -70.282814025878793 ], [ -67.987289428710938, -70.288291931152202 ], [ -67.97904205322267, -70.289802551269389 ], [ -67.971939086914062, -70.29457855224598 ], [ -67.969757080078139, -70.298316955566264 ], [ -67.96608734130858, -70.307121276855341 ], [ -67.962188720703125, -70.321495056152216 ], [ -67.959907531738295, -70.32646179199206 ], [ -67.946891784667969, -70.333839416503778 ], [ -67.942222595214858, -70.338478088378793 ], [ -67.93979644775392, -70.342033386230341 ], [ -67.930770874023438, -70.346076965331903 ], [ -67.923591613769531, -70.348976135253778 ], [ -67.922172546386733, -70.353599548339716 ], [ -67.928199768066406, -70.359703063964716 ], [ -67.929115295410156, -70.362777709960795 ], [ -67.933311462402344, -70.369247436523324 ], [ -67.935295104980469, -70.375259399413935 ], [ -67.930198669433594, -70.387145996093622 ], [ -67.928138732910156, -70.392303466796747 ], [ -67.919059753417969, -70.398674011230341 ], [ -67.912994384765625, -70.404830932617045 ], [ -67.904129028320298, -70.412170410156136 ], [ -67.898178100585938, -70.41555023193348 ], [ -67.891059875488281, -70.437103271484247 ], [ -67.88346099853517, -70.443374633788935 ], [ -67.884353637695312, -70.447219848632685 ], [ -67.884643653027211, -70.452419762905308 ], [ -67.885658264160156, -70.455322265624886 ], [ -67.885932922363281, -70.458152770995966 ], [ -67.876632690429688, -70.465438842773324 ], [ -67.866828918457031, -70.468917846679574 ], [ -67.861419677734389, -70.476417541503778 ], [ -67.870079040527344, -70.479614257812386 ], [ -67.876167297363281, -70.483398437499886 ], [ -67.880195617675781, -70.486587524413935 ], [ -67.87762451171875, -70.492141723632699 ], [ -67.869743347167969, -70.498992919921776 ], [ -67.857872009277344, -70.505302429199105 ], [ -67.839599609375, -70.510749816894403 ], [ -67.829277038574219, -70.514625549316293 ], [ -67.8280029296875, -70.518341064452997 ], [ -67.817924499511719, -70.521636962890497 ], [ -67.810035705566406, -70.52351379394517 ], [ -67.801170349121094, -70.526191711425668 ], [ -67.790901184082031, -70.530395507812401 ], [ -67.788787841796875, -70.53554534912098 ], [ -67.78781890869142, -70.539772033691278 ], [ -67.777702331542969, -70.540412902831903 ], [ -67.768692016601562, -70.545097351074091 ], [ -67.761116027832031, -70.55013275146473 ], [ -67.761833190917969, -70.554115295410028 ], [ -67.759979248046903, -70.557907104492074 ], [ -67.762893676757812, -70.563903808593636 ], [ -67.749343872070312, -70.566566467285057 ], [ -67.744247436523438, -70.571472167968636 ], [ -67.758544921875, -70.57466888427723 ], [ -67.764595031738281, -70.57735443115223 ], [ -67.764579772949219, -70.581550598144418 ], [ -67.75396728515625, -70.588661193847543 ], [ -67.73760986328125, -70.59017181396473 ], [ -67.722869873046875, -70.591125488281136 ], [ -67.723579406738281, -70.595108032226449 ], [ -67.731353759765625, -70.599433898925668 ], [ -67.756393432617188, -70.601905822753793 ], [ -67.770904541015625, -70.607612609863153 ], [ -67.778465270996094, -70.615173339843636 ], [ -67.776512145996094, -70.619415283203011 ], [ -67.768661499023438, -70.625038146972543 ], [ -67.767845153808594, -70.629127502441307 ], [ -67.774330139160156, -70.634521484374886 ], [ -67.785469055175781, -70.637275695800668 ], [ -67.794708251953139, -70.638526916503793 ], [ -67.80963134765625, -70.638214111328011 ], [ -67.820808410644545, -70.639411926269432 ], [ -67.82314300537108, -70.643615722656151 ], [ -67.816703796386719, -70.646949768066293 ], [ -67.805694580078125, -70.64903259277331 ], [ -67.795547485351577, -70.65232849121081 ], [ -67.795555114746094, -70.65574645996081 ], [ -67.796913146972656, -70.659980773925668 ], [ -67.785423278808594, -70.661689758300668 ], [ -67.775604248046875, -70.663940429687386 ], [ -67.745979309082045, -70.677665710449119 ], [ -67.736190795898438, -70.681785583495994 ], [ -67.737556457519531, -70.685234069824105 ], [ -67.728096008300781, -70.685668945312386 ], [ -67.719314575195312, -70.684783935546761 ], [ -67.706474304199219, -70.687561035156151 ], [ -67.705093383789062, -70.690948486328011 ], [ -67.700103759765625, -70.69307708740223 ], [ -67.690780639648438, -70.694145202636605 ], [ -67.67185211181642, -70.697647094726449 ], [ -67.664085388183594, -70.700485229492074 ], [ -67.668388366699219, -70.705741882324091 ], [ -67.677818298339844, -70.706863403320199 ], [ -67.6866455078125, -70.709617614745966 ], [ -67.695480346679688, -70.715019226074105 ], [ -67.696807861328125, -70.720024108886605 ], [ -67.692481994628906, -70.72426605224598 ], [ -67.684432983398438, -70.728469848632699 ], [ -67.682502746582031, -70.733818054199119 ], [ -67.682563781738281, -70.737556457519418 ], [ -67.687202453613281, -70.739898681640526 ], [ -67.679977416992188, -70.743438720703011 ], [ -67.673316955566406, -70.746894836425668 ], [ -67.684806823730469, -70.753585815429588 ], [ -67.700424194335938, -70.757728576660057 ], [ -67.695487976074219, -70.76359558105456 ], [ -67.681953430175781, -70.768775939941278 ], [ -67.669525146484375, -70.777992248535043 ], [ -67.65667724609375, -70.787155151367088 ], [ -67.654373168945312, -70.790893554687386 ], [ -67.66314697265625, -70.796752929687386 ], [ -67.672622680664062, -70.797882080078011 ], [ -67.680046081542969, -70.802932739257713 ], [ -67.673309326171875, -70.805290222167869 ], [ -67.666275024414062, -70.809791564941293 ], [ -67.663902282714858, -70.815856933593651 ], [ -67.662010192871108, -70.822303771972557 ], [ -67.664596557617188, -70.825920104980355 ], [ -67.651702880859375, -70.829788208007741 ], [ -67.653762817382812, -70.834587097167869 ], [ -67.646041870117173, -70.839614868163963 ], [ -67.64881134033206, -70.842330932617088 ], [ -67.651161193847656, -70.845756530761619 ], [ -67.650825500488281, -70.848678588867088 ], [ -67.647781372070312, -70.855278015136633 ], [ -67.645111083984375, -70.860054016113196 ], [ -67.630523681640639, -70.865257263183494 ], [ -67.619606018066406, -70.870170593261633 ], [ -67.611763000488281, -70.875656127929602 ], [ -67.595733642578125, -70.886894226074119 ], [ -67.581954956054688, -70.895942687988196 ], [ -67.579986572265625, -70.898643493652244 ], [ -67.579406738281264, -70.901367187499886 ], [ -67.566680908203125, -70.908065795898324 ], [ -67.545333862304688, -70.910636901855369 ], [ -67.535087585449219, -70.913459777831932 ], [ -67.528610229492188, -70.920852661132727 ], [ -67.52215576171875, -70.931983947753807 ], [ -67.525245666503906, -70.937080383300668 ], [ -67.525276184082031, -70.945358276367088 ], [ -67.517837524414062, -70.953865051269432 ], [ -67.509963989257827, -70.958572387695213 ], [ -67.499290466308608, -70.963211059570213 ], [ -67.498703002929688, -70.965942382812415 ], [ -67.497543334960938, -70.970619201660071 ], [ -67.48844146728517, -70.972511291503821 ], [ -67.455650329589858, -70.971977233886619 ], [ -67.443717956542969, -70.972702026367102 ], [ -67.435165405273452, -70.975288391113182 ], [ -67.425453186035156, -70.979904174804588 ], [ -67.416793823242188, -70.98294067382804 ], [ -67.414970397949219, -70.989250183105383 ], [ -67.415802001953125, -70.998733520507727 ], [ -67.408119201660156, -71.003623962402258 ], [ -67.403770446777344, -71.009277343749901 ], [ -67.414260864257812, -71.013824462890526 ], [ -67.425514221191392, -71.01815795898429 ], [ -67.427536010742202, -71.022956848144432 ], [ -67.431838989257812, -71.026351928710852 ], [ -67.426399230957031, -71.030609130859276 ], [ -67.422386169433608, -71.034126281738168 ], [ -67.423553466796875, -71.037719726562415 ], [ -67.426666259765625, -71.042037963867088 ], [ -67.426171514166839, -71.044929727539511 ], [ -67.427330017089844, -71.047904968261648 ], [ -67.423240661621108, -71.051101684570227 ], [ -67.4166259765625, -71.053642272949119 ], [ -67.408706665039062, -71.055694580078011 ], [ -67.400001525878906, -71.056861877441321 ], [ -67.392051696777344, -71.057815551757727 ], [ -67.386589050292969, -71.062072753906151 ], [ -67.390518188476562, -71.066513061523352 ], [ -67.409248352050781, -71.07216644287098 ], [ -67.424934387207031, -71.073814392089758 ], [ -67.440277099609375, -71.073852539062415 ], [ -67.454765319824219, -71.074562072753821 ], [ -67.469062805175781, -71.078048706054588 ], [ -67.481491088867188, -71.081123352050696 ], [ -67.514884948730469, -71.086235046386619 ], [ -67.524543762207031, -71.08847045898429 ], [ -67.533332824707031, -71.092140197753821 ], [ -67.544273376464858, -71.107337951660085 ], [ -67.546836853027358, -71.114395141601463 ], [ -67.548233032226562, -71.117073059081946 ], [ -67.494049072265625, -71.139472961425668 ], [ -67.485725402832045, -71.147094726562415 ], [ -67.478141784667969, -71.152633666992116 ], [ -67.470428466796875, -71.154876708984276 ], [ -67.465774536132812, -71.157379150390568 ], [ -67.461509704589844, -71.162582397460866 ], [ -67.459632873535156, -71.16592407226554 ], [ -67.460472106933594, -71.169784545898352 ], [ -67.463096618652344, -71.172630310058494 ], [ -67.482070922851562, -71.175170898437429 ], [ -67.494438171386719, -71.17495727539054 ], [ -67.522102355957031, -71.180526733398352 ], [ -67.531570434570312, -71.182571411132713 ], [ -67.54144287109375, -71.187324523925696 ], [ -67.545455932617188, -71.19363403320304 ], [ -67.547821044921875, -71.197067260742102 ], [ -67.556312561035156, -71.203659057617102 ], [ -67.549446105957031, -71.205245971679588 ], [ -67.539840698242202, -71.204429626464758 ], [ -67.514511108398438, -71.208702087402258 ], [ -67.511894226074233, -71.214126586913991 ], [ -67.512924194335938, -71.217857360839758 ], [ -67.513504028320327, -71.222305297851477 ], [ -67.513458251953125, -71.225730895996008 ], [ -67.514785766601562, -71.232620239257741 ], [ -67.51763916015625, -71.240966796874915 ], [ -67.517196655273438, -71.246215820312415 ], [ -67.511619567871094, -71.252807617187415 ], [ -67.495368957519531, -71.268447875976463 ], [ -67.497329711914062, -71.273704528808523 ], [ -67.505088806152344, -71.275985717773381 ], [ -67.512779235839844, -71.27981567382804 ], [ -67.5152587890625, -71.282798767089758 ], [ -67.526748657226562, -71.285575866699133 ], [ -67.534957885742173, -71.287132263183523 ], [ -67.537681579589844, -71.290306091308523 ], [ -67.541419982910156, -71.295326232910071 ], [ -67.544151306152344, -71.298500061035057 ], [ -67.551887512207031, -71.301559448242116 ], [ -67.5535888671875, -71.305526733398366 ], [ -67.550910949707031, -71.315162658691335 ], [ -67.557624816894531, -71.319023132324133 ], [ -67.56292724609375, -71.322845458984318 ], [ -67.567573547363281, -71.32642364501946 ], [ -67.577308654785156, -71.33020782470696 ], [ -67.585212707519531, -71.33655548095696 ], [ -67.590827941894531, -71.348854064941321 ], [ -67.596748352050781, -71.362426757812415 ], [ -67.600669860839844, -71.368095397949133 ], [ -67.607933044433594, -71.371551513671804 ], [ -67.622024536132812, -71.37918090820304 ], [ -67.628585815429688, -71.38129425048821 ], [ -67.637435913085938, -71.382766723632741 ], [ -67.64520263671875, -71.383941650390554 ], [ -67.648239135742188, -71.394485473632713 ], [ -67.652427673339844, -71.414382934570227 ], [ -67.654525756835952, -71.41730499267571 ], [ -67.649635314941406, -71.42072296142571 ], [ -67.638038635253906, -71.423263549804616 ], [ -67.623435974121094, -71.430397033691307 ], [ -67.610618591308594, -71.449790954589773 ], [ -67.609085083007812, -71.455520629882756 ], [ -67.61328125, -71.46137237548821 ], [ -67.61142730712892, -71.466598510742116 ], [ -67.601699829101562, -71.470314025878821 ], [ -67.598602294921875, -71.474594116210852 ], [ -67.609542846679688, -71.477897644042898 ], [ -67.614334106445312, -71.481025695800696 ], [ -67.607734680175767, -71.484222412109304 ], [ -67.591072082519545, -71.493278503417898 ], [ -67.59417724609375, -71.498840332031179 ], [ -67.600990295410156, -71.507225036621008 ], [ -67.609001159667969, -71.52075958251946 ], [ -67.604255676269531, -71.53388214111321 ], [ -67.603485107421875, -71.539405822753821 ], [ -67.609725952148438, -71.542556762695241 ], [ -67.612998962402344, -71.548767089843665 ], [ -67.610862731933594, -71.551918029785085 ], [ -67.607192993164062, -71.555503845214758 ], [ -67.593696594238281, -71.556396484374929 ], [ -67.582527160644531, -71.561180114746023 ], [ -67.566909790039062, -71.564453124999929 ], [ -67.547653198242188, -71.569747924804616 ], [ -67.534492492675781, -71.577552795410071 ], [ -67.531333923339844, -71.58261108398429 ], [ -67.536491394042969, -71.585472106933508 ], [ -67.544158935546875, -71.586784362792898 ], [ -67.558425903320312, -71.586463928222571 ], [ -67.5745849609375, -71.582794189453054 ], [ -67.589790344238281, -71.579467773437415 ], [ -67.594779968261719, -71.582458496093665 ], [ -67.59271240234375, -71.585937499999929 ], [ -67.583984375, -71.588081359863224 ], [ -67.568840026855469, -71.591728210449148 ], [ -67.558525085449219, -71.593193054199148 ], [ -67.538070678710938, -71.593338012695241 ], [ -67.526451110839844, -71.595413208007741 ], [ -67.517410278320312, -71.598915100097585 ], [ -67.516761779785156, -71.602424621581946 ], [ -67.516822814941406, -71.605400085449162 ], [ -67.524665832519531, -71.609237670898381 ], [ -67.530960083007812, -71.613502502441335 ], [ -67.523208618164062, -71.616394042968679 ], [ -67.513931274414062, -71.614402770996023 ], [ -67.496376037597656, -71.609291076660071 ], [ -67.488204956054688, -71.607597351074148 ], [ -67.4630126953125, -71.606803894042912 ], [ -67.433967590332031, -71.610809326171804 ], [ -67.402984619140625, -71.618156433105398 ], [ -67.372322082519531, -71.625236511230383 ], [ -67.36590576171875, -71.62783813476554 ], [ -67.35882568359375, -71.63394165039054 ], [ -67.351951599121094, -71.637260437011648 ], [ -67.338233947753906, -71.641250610351477 ], [ -67.305259704589844, -71.65412139892571 ], [ -67.282371520996094, -71.667228698730398 ], [ -67.288551330566406, -71.673057556152273 ], [ -67.304611206054688, -71.682685852050696 ], [ -67.313056945800781, -71.691307067871023 ], [ -67.312713623046875, -71.69831085205071 ], [ -67.300132751464844, -71.705886840820256 ], [ -67.291084289550781, -71.710807800292898 ], [ -67.257415771484375, -71.709510803222585 ], [ -67.232154846191406, -71.708999633788977 ], [ -67.22104644775392, -71.709106445312429 ], [ -67.208389282226562, -71.704772949218693 ], [ -67.191970825195312, -71.702133178710866 ], [ -67.176292419433594, -71.700057983398366 ], [ -67.168067932128906, -71.702110290527273 ], [ -67.161666870117188, -71.70502471923821 ], [ -67.157203674316406, -71.708351135253835 ], [ -67.146934509277344, -71.711532592773366 ], [ -67.132514953613281, -71.71558380126946 ], [ -67.120101928710938, -71.717384338378835 ], [ -67.107856750488281, -71.722038269042869 ], [ -67.099830627441406, -71.72614288330071 ], [ -67.092567443847656, -71.733024597167912 ], [ -67.083358764648438, -71.739486694335881 ], [ -67.090438842773452, -71.743873596191335 ], [ -67.120368957519545, -71.752853393554602 ], [ -67.152923583984389, -71.758407592773366 ], [ -67.165809631347656, -71.763717651367102 ], [ -67.171585083007812, -71.767608642578082 ], [ -67.166595458984375, -71.775413513183565 ], [ -67.177772521972642, -71.779396057128864 ], [ -67.185676574707031, -71.780593872070256 ], [ -67.201423645019531, -71.78266143798821 ], [ -67.206695556640625, -71.785079956054616 ], [ -67.206748962402344, -71.790260314941349 ], [ -67.199180603027344, -71.793655395507741 ], [ -67.195869445800781, -71.797607421874915 ], [ -67.200302124023438, -71.802886962890554 ], [ -67.188934326171875, -71.805000305175739 ], [ -67.180229187011733, -71.804016113281165 ], [ -67.173454284667969, -71.802337646484304 ], [ -67.165023803710938, -71.799659729003835 ], [ -67.161369323730469, -71.796043395996037 ], [ -67.155593872070312, -71.792152404785071 ], [ -67.146469116210952, -71.791107177734304 ], [ -67.134895324707031, -71.795219421386633 ], [ -67.125473022460938, -71.800720214843707 ], [ -67.117996215820312, -71.80365753173821 ], [ -67.098297119140625, -71.812660217285099 ], [ -67.081756591796875, -71.823028564453068 ], [ -67.064460754394531, -71.828742980956946 ], [ -67.048271179199205, -71.831779479980398 ], [ -67.037193298339844, -71.835494995117116 ], [ -67.0269775390625, -71.840423583984304 ], [ -67.0250244140625, -71.845184326171804 ], [ -67.029037475585938, -71.849639892578054 ], [ -67.038551330566406, -71.855606079101506 ], [ -67.040382385253906, -71.860557556152273 ], [ -67.031295776367188, -71.863906860351506 ], [ -67.017967224121094, -71.864814758300739 ], [ -67.0003662109375, -71.865158081054631 ], [ -66.991874694824219, -71.874710083007727 ], [ -66.991004943847656, -71.878677368164006 ], [ -66.978729248046875, -71.882858276367102 ], [ -66.962882995605469, -71.883750915527273 ], [ -66.9495849609375, -71.882774353027273 ], [ -66.923171997070312, -71.88178253173821 ], [ -66.914642333984375, -71.882850646972585 ], [ -66.907402038574219, -71.885192871093707 ], [ -66.904861450195312, -71.889251708984304 ], [ -66.897552490234375, -71.891265869140554 ], [ -66.888778686523438, -71.892143249511662 ], [ -66.878829956054688, -71.892395019531179 ], [ -66.85955810546875, -71.892822265624929 ], [ -66.84881591796875, -71.893280029296804 ], [ -66.840225219726562, -71.896224975585881 ], [ -66.837730407714844, -71.899505615234318 ], [ -66.836631774902344, -71.902503967285085 ], [ -66.842193603515625, -71.905441284179645 ], [ -66.844467163085938, -71.909675598144489 ], [ -66.84942626953125, -71.914894104003821 ], [ -66.863685607910156, -71.922912597656207 ], [ -66.865608215332031, -71.929611206054602 ], [ -66.860549926757812, -71.934753417968693 ], [ -66.857803344726562, -71.937850952148395 ], [ -66.861434936523438, -71.943672180175724 ], [ -66.870994567871094, -71.947769165038991 ], [ -66.875480651855469, -71.951507568359304 ], [ -66.874641418457031, -71.956893920898366 ], [ -66.867668151855469, -71.958648681640568 ], [ -66.847709655761719, -71.959144592285099 ], [ -66.811882019042969, -71.95753479003902 ], [ -66.778694152832031, -71.955490112304631 ], [ -66.766998291015625, -71.95880889892571 ], [ -66.749710083007812, -71.964683532714758 ], [ -66.73394775390625, -71.985557556152258 ], [ -66.737556457519531, -71.989181518554631 ], [ -66.746955871582031, -72.004745483398366 ], [ -66.757308959960938, -72.037590026855412 ], [ -66.757049560546875, -72.042900085449148 ], [ -66.741256713867188, -72.054969787597599 ], [ -66.739509582519531, -72.062446594238224 ], [ -66.726661682128906, -72.071289062499957 ], [ -66.725212097167969, -72.078178405761662 ], [ -66.734809875488281, -72.08338928222652 ], [ -66.747016906738281, -72.084526062011676 ], [ -66.760337829589844, -72.085975646972585 ], [ -66.769523620605469, -72.087821960449148 ], [ -66.774330139160156, -72.090972900390554 ], [ -66.765495300292969, -72.095466613769474 ], [ -66.757896423339844, -72.09761047363277 ], [ -66.743324279785156, -72.09961700439446 ], [ -66.727828979492188, -72.101188659667898 ], [ -66.715415954589844, -72.102378845214787 ], [ -66.702346801757812, -72.109153747558537 ], [ -66.698982238769545, -72.114845275878849 ], [ -66.703399658203125, -72.130699157714787 ], [ -66.707794189453125, -72.141830444335881 ], [ -66.739631652832031, -72.167434692382756 ], [ -66.747917175292969, -72.17324829101554 ], [ -66.769729614257827, -72.178955078124943 ], [ -66.7803955078125, -72.179412841796804 ], [ -66.792045593261705, -72.179527282714773 ], [ -66.804573059082031, -72.178649902343707 ], [ -66.814926147460938, -72.178596496581989 ], [ -66.831298828125, -72.180107116699148 ], [ -66.844581604003906, -72.183105468749915 ], [ -66.849433898925781, -72.189559936523352 ], [ -66.851692199707031, -72.19898223876946 ], [ -66.859786987304688, -72.20680236816402 ], [ -66.885467529296875, -72.212356567382756 ], [ -66.890411376953125, -72.220237731933551 ], [ -66.896598815917983, -72.225761413574176 ], [ -66.922836303710938, -72.234992980956989 ], [ -66.929824829101562, -72.238105773925724 ], [ -66.929931640625, -72.243934631347599 ], [ -66.921424865722656, -72.2470703125 ], [ -66.886177062988281, -72.256797790527287 ], [ -66.838302612304688, -72.267387390136662 ], [ -66.82659912109375, -72.271682739257741 ], [ -66.824790954589858, -72.274436950683565 ], [ -66.828536987304688, -72.27729034423821 ], [ -66.858558654785156, -72.286071777343707 ], [ -66.873603820800781, -72.288978576660099 ], [ -66.902572631835938, -72.292266845703082 ], [ -66.942047119140625, -72.295814514160099 ], [ -66.966392517089844, -72.302421569824162 ], [ -66.979972839355469, -72.311561584472599 ], [ -66.976150512695312, -72.32317352294919 ], [ -66.963180541992188, -72.332817077636662 ], [ -67.01031494140625, -72.361686706542926 ], [ -67.016304016113281, -72.364814758300724 ], [ -67.038986206054688, -72.368980407714815 ], [ -67.052581787109375, -72.368530273437443 ], [ -67.046234130859375, -72.376045227050724 ], [ -67.043655395507812, -72.380111694335881 ], [ -67.049552917480469, -72.384796142578097 ], [ -67.061264038085938, -72.395721435546832 ], [ -67.059043884277344, -72.398422241210881 ], [ -67.052215576171889, -72.403678894042912 ], [ -67.051567077636719, -72.406738281249957 ], [ -67.055259704589844, -72.410041809081974 ], [ -67.068084716796875, -72.414978027343707 ], [ -67.076553344726562, -72.417472839355412 ], [ -67.095817565917969, -72.419311523437472 ], [ -67.11431884765625, -72.420570373535114 ], [ -67.150009155273438, -72.42888641357419 ], [ -67.175582885742188, -72.441871643066349 ], [ -67.186637878417983, -72.449241638183551 ], [ -67.186637878417969, -72.45521545410152 ], [ -67.179985046386719, -72.459236145019474 ], [ -67.179901123046875, -72.463775634765568 ], [ -67.185737609863281, -72.479743957519489 ], [ -67.18450927734375, -72.486968994140568 ], [ -67.190818786621094, -72.495147705078068 ], [ -67.220260620117188, -72.51142883300777 ], [ -67.220787048339844, -72.522644042968693 ], [ -67.232093811035156, -72.53474426269527 ], [ -67.223388671875014, -72.56190490722652 ], [ -67.222335815429688, -72.575744628906207 ], [ -67.209381103515625, -72.585731506347599 ], [ -67.191848754882812, -72.590751647949176 ], [ -67.19339752197267, -72.594871520996051 ], [ -67.192825317382812, -72.603126525878864 ], [ -67.212142944335938, -72.611045837402301 ], [ -67.231826782226562, -72.617599487304645 ], [ -67.247840881347656, -72.622283935546847 ], [ -67.268943786621094, -72.626335144042926 ], [ -67.293266296386719, -72.631103515624957 ], [ -67.312217712402344, -72.637084960937443 ], [ -67.325469970703125, -72.645637512206989 ], [ -67.34417724609375, -72.657073974609332 ], [ -67.359855651855469, -72.659019470214787 ], [ -67.372703552246094, -72.658111572265582 ], [ -67.385063171386719, -72.654159545898395 ], [ -67.3897705078125, -72.650032043457003 ], [ -67.390510559082031, -72.645736694335895 ], [ -67.387222290039062, -72.642814636230412 ], [ -67.38446044921875, -72.638397216796847 ], [ -67.388824462890625, -72.633766174316378 ], [ -67.403182983398438, -72.634765624999957 ], [ -67.411056518554673, -72.637779235839787 ], [ -67.416664123535156, -72.641304016113224 ], [ -67.413467407226562, -72.648117065429645 ], [ -67.408630371093764, -72.657241821289034 ], [ -67.405990600585938, -72.667419433593707 ], [ -67.412689208984375, -72.670913696289006 ], [ -67.424507141113281, -72.674888610839801 ], [ -67.442138671875, -72.682250976562443 ], [ -67.469551086425781, -72.695823669433565 ], [ -67.477035522460938, -72.702552795410114 ], [ -67.475189208984375, -72.707656860351534 ], [ -67.488128662109375, -72.722572326660114 ], [ -67.49188232421875, -72.728210449218707 ], [ -67.50860595703125, -72.733245849609318 ], [ -67.5555419921875, -72.749191284179631 ], [ -67.557281494140625, -72.753639221191378 ], [ -67.560653686523438, -72.760314941406207 ], [ -67.558624267578125, -72.763671874999943 ], [ -67.563240051269531, -72.766433715820256 ], [ -67.569953918457031, -72.768821716308537 ], [ -67.574935913085938, -72.773971557617145 ], [ -67.558151245117202, -72.776153564453068 ], [ -67.546348571777344, -72.776275634765582 ], [ -67.528465270996094, -72.778472900390582 ], [ -67.504188537597656, -72.785995483398395 ], [ -67.478584289550781, -72.79634094238277 ], [ -67.4742431640625, -72.806625366210866 ], [ -67.478210449218764, -72.809463500976506 ], [ -67.485397338867188, -72.81379699707027 ], [ -67.49603271484375, -72.820587158203082 ], [ -67.503776550292969, -72.827178955078082 ], [ -67.510818481445312, -72.830863952636676 ], [ -67.544540405273452, -72.842033386230426 ], [ -67.5592041015625, -72.847114562988224 ], [ -67.616500854492188, -72.858947753906193 ], [ -67.664588928222656, -72.867126464843693 ], [ -67.697433471679688, -72.870628356933551 ], [ -67.705978393554688, -72.868690490722614 ], [ -67.728157043457031, -72.862289428710895 ], [ -67.739387512207031, -72.858787536621065 ], [ -67.752838134765625, -72.857124328613239 ], [ -67.782394409179688, -72.860687255859332 ], [ -67.791305541992188, -72.861915588378864 ], [ -67.799728393554688, -72.864654541015568 ], [ -67.812385559082031, -72.86585998535152 ], [ -67.820571899414077, -72.871070861816364 ], [ -67.822860717773423, -72.874786376953068 ], [ -67.832015991210938, -72.877761840820256 ], [ -67.854545593261719, -72.88375091552733 ], [ -67.867271423339844, -72.886840820312443 ], [ -67.884994506835938, -72.892089843749986 ], [ -67.900062561035156, -72.903114318847628 ], [ -67.912406921386719, -72.908813476562457 ], [ -67.932533264160156, -72.914649963378892 ], [ -67.940101623535156, -72.916488647460895 ], [ -67.943321228027344, -72.933448791503864 ], [ -67.94793701171875, -72.937431335449205 ], [ -67.958328247070312, -72.94148254394527 ], [ -67.971939086914062, -72.945129394531207 ], [ -67.98748779296875, -72.947761535644489 ], [ -68.013069152832031, -72.94813537597652 ], [ -68.024826049804688, -72.94655609130858 ], [ -68.03824615478517, -72.942993164062457 ], [ -68.053031921386719, -72.940368652343707 ], [ -68.082832336425781, -72.938423156738253 ], [ -68.109298706054688, -72.942794799804659 ], [ -68.134124755859389, -72.946815490722628 ], [ -68.151817321777344, -72.949050903320284 ], [ -68.176483154296875, -72.95320129394527 ], [ -68.19207763671875, -72.958152770996065 ], [ -68.205108642578125, -72.962646484374957 ], [ -68.219429016113281, -72.967758178710895 ], [ -68.263618469238281, -72.973236083984347 ], [ -68.285125732421875, -72.976211547851534 ], [ -68.318794250488281, -72.983566284179659 ], [ -68.335914611816406, -72.986656188964801 ], [ -68.350181579589844, -72.989089965820256 ], [ -68.376953125, -72.990951538085909 ], [ -68.411636352539062, -72.992477416992159 ], [ -68.452430725097656, -72.996574401855426 ], [ -68.508468627929688, -73.003196716308537 ], [ -68.521987915039062, -73.00740051269527 ], [ -68.534912109375, -73.014022827148395 ], [ -68.54815673828125, -73.018035888671847 ], [ -68.609039306640625, -73.033416748046832 ], [ -68.624954223632812, -73.03944396972652 ], [ -68.646835327148438, -73.047386169433551 ], [ -68.664871215820312, -73.052246093749972 ], [ -68.680984497070312, -73.057342529296818 ], [ -68.691093444824219, -73.058959960937472 ], [ -68.704086303710938, -73.061218261718707 ], [ -68.717826843261719, -73.063713073730426 ], [ -68.754646301269531, -73.074104309081989 ], [ -68.764900207519531, -73.076820373535114 ], [ -68.780448913574219, -73.082778930664034 ], [ -68.822059631347656, -73.095252990722614 ], [ -68.832382202148452, -73.096725463867159 ], [ -68.849143981933608, -73.099388122558551 ], [ -68.895118713378906, -73.098960876464815 ], [ -68.916015625, -73.098510742187472 ], [ -68.929000854492202, -73.099189758300724 ], [ -68.941917419433594, -73.100326538085895 ], [ -68.962669372558594, -73.104820251464787 ], [ -69.004135131835938, -73.114265441894489 ], [ -69.0355224609375, -73.117614746093722 ], [ -69.067779541015625, -73.121513366699205 ], [ -69.100578308105469, -73.128257751464801 ], [ -69.121719360351577, -73.131683349609332 ], [ -69.145805358886719, -73.134506225585909 ], [ -69.218238830566406, -73.146530151367145 ], [ -69.231529235839844, -73.149848937988239 ], [ -69.238990783691406, -73.151916503906236 ], [ -69.249168395996094, -73.152717590332017 ], [ -69.291961669921889, -73.156799316406222 ], [ -69.312019348144531, -73.15821838378902 ], [ -69.33038330078125, -73.16053771972652 ], [ -69.352561950683594, -73.16280364990233 ], [ -69.39453125, -73.165061950683565 ], [ -69.500762939453125, -73.167617797851534 ], [ -69.513587951660156, -73.16761779785152 ], [ -69.533622741699219, -73.169479370117145 ], [ -69.565528869628906, -73.175399780273409 ], [ -69.619148254394531, -73.186897277831989 ], [ -69.677787780761719, -73.199531555175767 ], [ -69.761039733886719, -73.208427429199176 ], [ -69.819145202636719, -73.212753295898409 ], [ -69.84710693359375, -73.215568542480426 ], [ -70.001838684082031, -73.222946166992159 ], [ -70.037139892578125, -73.225883483886676 ], [ -70.094139099121094, -73.231544494628878 ], [ -70.123176574707031, -73.235656738281222 ], [ -70.172981262207031, -73.246238708496037 ], [ -70.193412780761719, -73.256835937499986 ], [ -70.218765258789062, -73.269943237304659 ], [ -70.234649658203125, -73.27436828613277 ], [ -70.248367309570312, -73.280097961425739 ], [ -70.262443542480469, -73.285560607910142 ], [ -70.28607177734375, -73.293235778808565 ], [ -70.293869018554688, -73.295578002929645 ], [ -70.330192565917969, -73.296081542968722 ], [ -70.350479125976562, -73.291389465332003 ], [ -70.373565673828125, -73.287445068359361 ], [ -70.388099670410156, -73.282623291015582 ], [ -70.40740966796875, -73.270904541015597 ], [ -70.424392700195312, -73.267105102539034 ], [ -70.443801879882812, -73.267395019531222 ], [ -70.465011596679688, -73.269256591796847 ], [ -70.474502563476562, -73.270225524902301 ], [ -70.485504150390625, -73.269966125488239 ], [ -70.500778198242188, -73.270141601562486 ], [ -70.532585144042969, -73.273384094238267 ], [ -70.541862487792969, -73.27540588378902 ], [ -70.550994873046875, -73.277099609374972 ], [ -70.561355590820312, -73.276924133300739 ], [ -70.573959350585952, -73.276664733886676 ], [ -70.587593078613281, -73.277740478515582 ], [ -70.603103637695312, -73.276855468749943 ], [ -70.626106262207031, -73.27288055419919 ], [ -70.634696960449219, -73.270217895507798 ], [ -70.640769958496094, -73.266990661621094 ], [ -70.658454895019545, -73.263862609863239 ], [ -70.688713073730469, -73.263534545898395 ], [ -70.718048095703125, -73.262657165527301 ], [ -70.730995178222656, -73.261657714843707 ], [ -70.780670166015625, -73.254516601562457 ], [ -70.791862487792969, -73.25318908691402 ], [ -70.803642272949219, -73.253143310546832 ], [ -70.814292907714844, -73.253135681152315 ], [ -70.850189208984375, -73.250747680664048 ], [ -70.889945983886705, -73.250885009765597 ], [ -70.950820922851562, -73.256034851074205 ], [ -71.00372314453125, -73.262977600097614 ], [ -71.034065246582031, -73.259849548339801 ], [ -71.046302795410156, -73.260299682617188 ], [ -71.054664611816406, -73.262657165527301 ], [ -71.061256408691406, -73.265609741210909 ], [ -71.069107055664062, -73.269294738769503 ], [ -71.08367919921875, -73.271812438964815 ], [ -71.111366271972656, -73.272697448730455 ], [ -71.121192932128906, -73.27428436279294 ], [ -71.131820678710938, -73.281921386718722 ], [ -71.145431518554688, -73.285705566406222 ], [ -71.159461975097656, -73.285552978515611 ], [ -71.177909851074219, -73.287055969238253 ], [ -71.187126159667983, -73.288269042968722 ], [ -71.197509765625, -73.287139892578082 ], [ -71.209297180175781, -73.28752899169919 ], [ -71.218803405761719, -73.290298461914034 ], [ -71.214859008789062, -73.295883178710909 ], [ -71.223548889160156, -73.299797058105426 ], [ -71.238677978515625, -73.300971984863239 ], [ -71.249221801757812, -73.30016326904294 ], [ -71.259773254394531, -73.298896789550753 ], [ -71.271926879882812, -73.29717254638669 ], [ -71.294715881347656, -73.298164367675753 ], [ -71.314781188964844, -73.300117492675767 ], [ -71.343177795410156, -73.299507141113253 ], [ -71.360069274902344, -73.300994873046832 ], [ -71.374053955078125, -73.305412292480426 ], [ -71.377838134765625, -73.309448242187457 ], [ -71.377792358398438, -73.313575744628892 ], [ -71.368202209472656, -73.314483642578097 ], [ -71.355094909667969, -73.316123962402301 ], [ -71.343696594238281, -73.320381164550767 ], [ -71.355247497558594, -73.328689575195298 ], [ -71.379730224609375, -73.339630126953097 ], [ -71.397903442382812, -73.345062255859332 ], [ -71.411491394042969, -73.34621429443358 ], [ -71.427658081054688, -73.345176696777315 ], [ -71.446258544921875, -73.33839416503902 ], [ -71.461357116699219, -73.327308654785114 ], [ -71.4735107421875, -73.325111389160114 ], [ -71.48150634765625, -73.323280334472614 ], [ -71.497146606445312, -73.32631683349608 ], [ -71.496810913085938, -73.331176757812472 ], [ -71.487007141113295, -73.341857910156222 ], [ -71.483451843261719, -73.350387573242159 ], [ -71.486312866210938, -73.353416442871051 ], [ -71.495262145996094, -73.357177734374957 ], [ -71.509979248046875, -73.359199523925724 ], [ -71.527587890625014, -73.36012268066402 ], [ -71.5419921875, -73.359207153320284 ], [ -71.554641723632812, -73.359809875488253 ], [ -71.5687255859375, -73.359626770019489 ], [ -71.601547241210938, -73.358932495117159 ], [ -71.608901977539062, -73.357185363769503 ], [ -71.617698669433594, -73.354660034179645 ], [ -71.634498596191406, -73.354431152343722 ], [ -71.659614562988281, -73.352539062499986 ], [ -71.673355102539062, -73.349411010742145 ], [ -71.68310546875, -73.348350524902287 ], [ -71.694145202636719, -73.348480224609332 ], [ -71.758583068847656, -73.345726013183551 ], [ -71.775581359863281, -73.349006652832017 ], [ -71.7864990234375, -73.352027893066392 ], [ -71.799179077148438, -73.354438781738239 ], [ -71.809761047363295, -73.355895996093722 ], [ -71.820144653320312, -73.354736328124972 ], [ -71.834053039550795, -73.353752136230426 ], [ -71.840660095214844, -73.356361389160099 ], [ -71.840225219726562, -73.359069824218722 ], [ -71.841453552246094, -73.36544036865233 ], [ -71.839645385742188, -73.372138977050753 ], [ -71.852066040039062, -73.377120971679673 ], [ -71.860939025878906, -73.380554199218722 ], [ -71.872833251953125, -73.382278442382798 ], [ -71.884864807128906, -73.382484436035114 ], [ -71.903244018554688, -73.379936218261676 ], [ -71.918731689453125, -73.377105712890611 ], [ -71.939178466796875, -73.374137878417926 ], [ -71.952301025390625, -73.373374938964815 ], [ -71.961616516113281, -73.374549865722628 ], [ -71.978507995605469, -73.377037048339801 ], [ -71.995666503906264, -73.377418518066378 ], [ -72.020729064941406, -73.379745483398381 ], [ -72.043495178222656, -73.379875183105455 ], [ -72.075050354003906, -73.384475708007798 ], [ -72.089370727539062, -73.385955810546832 ], [ -72.130012512207031, -73.388183593749957 ], [ -72.146766662597656, -73.38561248779294 ], [ -72.165107727050781, -73.383033752441392 ], [ -72.180160522460938, -73.382438659667955 ], [ -72.192192077636719, -73.382629394531236 ], [ -72.205062866210938, -73.383964538574176 ], [ -72.213310241699233, -73.385635375976534 ], [ -72.226409912109375, -73.384399414062457 ], [ -72.23760986328125, -73.383903503417926 ], [ -72.248641967773438, -73.383087158203082 ], [ -72.273910522460938, -73.392860412597656 ], [ -72.282554626464844, -73.396087646484347 ], [ -72.306694030761719, -73.401184082031207 ], [ -72.315521240234375, -73.404731750488239 ], [ -72.32098388671875, -73.411773681640611 ], [ -72.33587646484375, -73.41419982910152 ], [ -72.357551574707031, -73.413879394531207 ], [ -72.370285034179688, -73.414886474609332 ], [ -72.38983154296875, -73.426551818847642 ], [ -72.408905029296875, -73.42858123779294 ], [ -72.399185180664062, -73.439727783203125 ], [ -72.394706726074219, -73.446632385253878 ], [ -72.393997192382812, -73.451583862304688 ], [ -72.400489807128906, -73.45582580566402 ], [ -72.426567077636719, -73.46168518066402 ], [ -72.450469970703125, -73.462768554687486 ], [ -72.463203430175781, -73.462852478027315 ], [ -72.519294738769531, -73.463325500488239 ], [ -72.552696228027358, -73.469360351562472 ], [ -72.56488037109375, -73.470909118652301 ], [ -72.582603454589844, -73.47081756591794 ], [ -72.594673156738281, -73.470527648925781 ], [ -72.605262756347656, -73.469650268554673 ], [ -72.623374938964844, -73.470657348632784 ], [ -72.6773681640625, -73.465728759765582 ], [ -72.690925598144531, -73.466018676757798 ], [ -72.715347290039062, -73.462715148925753 ], [ -72.755813598632812, -73.456420898437472 ], [ -72.776039123535156, -73.451072692871051 ], [ -72.789932250976562, -73.449562072753878 ], [ -72.804611206054688, -73.447822570800753 ], [ -72.810722351074219, -73.445625305175781 ], [ -72.816650390625, -73.443115234374986 ], [ -72.811843872070312, -73.439193725585909 ], [ -72.803848266601562, -73.437728881835938 ], [ -72.790092468261719, -73.436668395996051 ], [ -72.769790649414062, -73.436241149902344 ], [ -72.759635925292969, -73.433822631835895 ], [ -72.76556396484375, -73.431312561035128 ], [ -72.781875610351562, -73.430023193359347 ], [ -72.802864074707031, -73.43324279785152 ], [ -72.815971374511719, -73.436370849609347 ], [ -72.825347900390625, -73.43901824951169 ], [ -72.839622497558594, -73.440582275390582 ], [ -72.850921630859375, -73.440971374511705 ], [ -72.865692138671875, -73.440597534179673 ], [ -72.883384704589844, -73.44048309326169 ], [ -72.892929077148438, -73.439041137695284 ], [ -72.893112182617188, -73.435417175292955 ], [ -72.895957946777344, -73.432785034179659 ], [ -72.905860900878906, -73.433959960937472 ], [ -72.915702819824219, -73.436187744140597 ], [ -72.922843933105469, -73.438934326171832 ], [ -72.939682006835952, -73.442077636718707 ], [ -72.955863952636719, -73.448806762695284 ], [ -72.969345092773438, -73.450134277343707 ], [ -72.991722106933594, -73.450111389160114 ], [ -73.011238098144531, -73.446807861328097 ], [ -73.034065246582031, -73.442878723144517 ], [ -73.043281555175795, -73.439735412597614 ], [ -73.044891357421875, -73.436241149902344 ], [ -73.04325103759767, -73.43230438232419 ], [ -73.05169677734375, -73.427879333496037 ], [ -73.069923400878906, -73.426734924316364 ], [ -73.079391479492188, -73.424827575683551 ], [ -73.094947814941406, -73.419204711914048 ], [ -73.11248779296875, -73.412689208984332 ], [ -73.124473571777344, -73.415397644042955 ], [ -73.125473022460938, -73.422454833984347 ], [ -73.127090454101562, -73.425933837890611 ], [ -73.12155914306642, -73.428634643554631 ], [ -73.11669921875, -73.431701660156222 ], [ -73.112274169921875, -73.435867309570298 ], [ -73.105537414550781, -73.441200256347614 ], [ -73.096397399902344, -73.443290710449176 ], [ -73.082832336425781, -73.448028564453097 ], [ -73.083641052246094, -73.453254699706989 ], [ -73.100082397460938, -73.456794738769489 ], [ -73.118789672851562, -73.458717346191364 ], [ -73.129112243652358, -73.460517883300724 ], [ -73.138862609863281, -73.461364746093736 ], [ -73.149337768554702, -73.463027954101548 ], [ -73.156974792480469, -73.46534729003902 ], [ -73.154350280761719, -73.469825744628878 ], [ -73.154960632324219, -73.472755432128878 ], [ -73.158981323242188, -73.475982666015611 ], [ -73.169265747070312, -73.478836059570284 ], [ -73.177391052246094, -73.482719421386676 ], [ -73.179618835449219, -73.485641479492159 ], [ -73.184822082519531, -73.48927307128902 ], [ -73.198738098144531, -73.491226196289048 ], [ -73.212898254394531, -73.493957519531207 ], [ -73.215469360351562, -73.497055053710881 ], [ -73.215599060058594, -73.499946594238253 ], [ -73.21063232421875, -73.505126953124957 ], [ -73.208045959472656, -73.513092041015597 ], [ -73.231529235839844, -73.527679443359347 ], [ -73.236160278320312, -73.531867980957003 ], [ -73.269515991210938, -73.539710998535128 ], [ -73.292953491210938, -73.545341491699176 ], [ -73.300010681152344, -73.547760009765597 ], [ -73.309288024902344, -73.552642822265597 ], [ -73.343894958496094, -73.559364318847614 ], [ -73.360000610351562, -73.561332702636705 ], [ -73.384353637695312, -73.56157684326169 ], [ -73.413406372070312, -73.560394287109361 ], [ -73.45066070556642, -73.565650939941378 ], [ -73.513885498046875, -73.574737548828082 ], [ -73.524162292480483, -73.579231262207017 ], [ -73.542213439941406, -73.583465576171861 ], [ -73.556320190429688, -73.583282470703082 ], [ -73.590499877929688, -73.581291198730426 ], [ -73.625915527343764, -73.577583312988253 ], [ -73.648582458496094, -73.578407287597642 ], [ -73.689300537109375, -73.591758728027301 ], [ -73.699249267578125, -73.598175048828111 ], [ -73.714164733886719, -73.610145568847628 ], [ -73.724296569824219, -73.615364074706989 ], [ -73.736801147460938, -73.618812561035128 ], [ -73.750198364257812, -73.623992919921847 ], [ -73.779953002929688, -73.636718749999957 ], [ -73.788337707519531, -73.638465881347628 ], [ -73.807319641113281, -73.64138031005858 ], [ -73.840347290039062, -73.647857666015597 ], [ -73.873481750488281, -73.659469604492173 ], [ -73.918304443359375, -73.669158935546861 ], [ -73.938850402832031, -73.671127319335895 ], [ -73.950538635253906, -73.671768188476548 ], [ -73.961532592773438, -73.669937133789034 ], [ -73.970687866210938, -73.667808532714815 ], [ -74.002853393554688, -73.671012878417955 ], [ -74.023834228515625, -73.671493530273395 ], [ -74.059272766113281, -73.673591613769531 ], [ -74.0933837890625, -73.677536010742145 ], [ -74.137527465820312, -73.684837341308551 ], [ -74.170028686523438, -73.686676025390597 ], [ -74.18499755859375, -73.686210632324205 ], [ -74.207244873046875, -73.683303833007798 ], [ -74.219062805175781, -73.680618286132784 ], [ -74.229362487792969, -73.675704956054659 ], [ -74.25653076171875, -73.67107391357419 ], [ -74.270164489746094, -73.667633056640611 ], [ -74.283020019531264, -73.664428710937472 ], [ -74.293647766113281, -73.664520263671847 ], [ -74.336418151855469, -73.671058654785142 ], [ -74.356948852539062, -73.677352905273409 ], [ -74.390365600585938, -73.681488037109347 ], [ -74.410636901855483, -73.684288024902344 ], [ -74.444091796875, -73.690673828124972 ], [ -74.450157165527344, -73.695808410644517 ], [ -74.464675903320312, -73.703903198242145 ], [ -74.497800799992305, -73.676512441451308 ], [ -74.500927655820831, -73.671618800408382 ], [ -74.489204517296372, -73.672487062284219 ], [ -74.473650207185287, -73.668979447549347 ], [ -74.471456921231223, -73.662948809422844 ], [ -74.480792133696468, -73.658074454317813 ], [ -74.487790686780031, -73.655564754341327 ], [ -74.491946726436566, -73.658691381302532 ], [ -74.508022527516786, -73.665136310021992 ], [ -74.519778255902793, -73.637155484651203 ], [ -74.550361633300781, -73.610748291015582 ], [ -74.546791272773277, -73.607588401301726 ], [ -74.518882751464844, -73.597854614257812 ], [ -74.491653442382812, -73.590301513671861 ], [ -74.482032775878906, -73.583824157714815 ], [ -74.476783752441406, -73.574523925781236 ], [ -74.472419738769531, -73.561073303222614 ], [ -74.468307495117188, -73.554428100585895 ], [ -74.434066772460938, -73.540580749511676 ], [ -74.420280456542969, -73.534065246581989 ], [ -74.415489196777344, -73.52706146240233 ], [ -74.396728515625, -73.516990661621065 ], [ -74.385780334472656, -73.507080078124972 ], [ -74.385284423828125, -73.503273010253878 ], [ -74.389678955078139, -73.498802185058551 ], [ -74.394783020019531, -73.494689941406207 ], [ -74.404541015625, -73.488533020019489 ], [ -74.407203674316406, -73.485282897949205 ], [ -74.395416259765625, -73.477867126464801 ], [ -74.376037597656264, -73.468490600585923 ], [ -74.376808166503906, -73.458007812499957 ], [ -74.385063171386719, -73.454444885253892 ], [ -74.39404296875, -73.452301025390582 ], [ -74.41485595703125, -73.447776794433565 ], [ -74.425224304199219, -73.44258117675777 ], [ -74.438278198242188, -73.438949584960909 ], [ -74.472862243652344, -73.427841186523395 ], [ -74.479743957519531, -73.421310424804688 ], [ -74.486618041992188, -73.40935516357419 ], [ -74.494491577148438, -73.401252746582003 ], [ -74.506591796875, -73.395286560058551 ], [ -74.519790649414062, -73.393623352050724 ], [ -74.527816772460938, -73.391845703124986 ], [ -74.538749694824219, -73.389251708984361 ], [ -74.543350219726562, -73.384498596191392 ], [ -74.537628173828125, -73.37953186035152 ], [ -74.525970458984375, -73.373641967773395 ], [ -74.519416809082031, -73.36574554443358 ], [ -74.518806457519531, -73.361480712890611 ], [ -74.525779724121094, -73.345031738281207 ], [ -74.529830932617188, -73.33376312255858 ], [ -74.533828735351562, -73.325805664062457 ], [ -74.540596008300781, -73.319869995117145 ], [ -74.548507690429688, -73.317642211914048 ], [ -74.569587707519531, -73.313148498535114 ], [ -74.589218139648438, -73.311241149902301 ], [ -74.602691650390625, -73.30974578857419 ], [ -74.635406494140625, -73.309478759765611 ], [ -74.680152893066406, -73.310295104980455 ], [ -74.704811096191406, -73.309684753417926 ], [ -74.720260620117188, -73.309394836425753 ], [ -74.737480163574219, -73.308334350585909 ], [ -74.747215270996094, -73.307449340820312 ], [ -74.760757446289062, -73.304748535156236 ], [ -74.772163391113295, -73.299331665039048 ], [ -74.7708740234375, -73.295173645019531 ], [ -74.760520935058594, -73.291206359863239 ], [ -74.741073608398438, -73.286369323730426 ], [ -74.705230712890625, -73.28340148925777 ], [ -74.667098999023438, -73.28175354003902 ], [ -74.624313354492188, -73.277313232421847 ], [ -74.588790893554688, -73.27239227294919 ], [ -74.572860717773438, -73.267219543456989 ], [ -74.565666198730483, -73.262733459472628 ], [ -74.55072021484375, -73.257637023925767 ], [ -74.547149658203125, -73.25373840332027 ], [ -74.5396728515625, -73.248481750488253 ], [ -74.528861999511719, -73.245056152343707 ], [ -74.514617919921875, -73.239257812499957 ], [ -74.503738403320312, -73.232666015624957 ], [ -74.509635925292983, -73.223808288574205 ], [ -74.5069580078125, -73.216827392578111 ], [ -74.516098022460938, -73.208381652831989 ], [ -74.514961242675781, -73.201972961425753 ], [ -74.506980895996094, -73.197265624999957 ], [ -74.490524291992188, -73.192184448242145 ], [ -74.480224609375, -73.185035705566364 ], [ -74.474273681640625, -73.178237915039034 ], [ -74.468269348144531, -73.174751281738267 ], [ -74.458168029785156, -73.172279357910114 ], [ -74.442558288574219, -73.169067382812472 ], [ -74.432029724121094, -73.168663024902301 ], [ -74.418670654296875, -73.16743469238277 ], [ -74.412544250488281, -73.164085388183594 ], [ -74.407203674316406, -73.161544799804645 ], [ -74.401100158691406, -73.155479431152301 ], [ -74.399513244628906, -73.151741027831989 ], [ -74.407180786132812, -73.147544860839815 ], [ -74.421882629394531, -73.141960144042955 ], [ -74.424407958984375, -73.138252258300753 ], [ -74.421188354492188, -73.135131835937472 ], [ -74.411170959472656, -73.132064819335895 ], [ -74.402618408203139, -73.119934082031207 ], [ -74.402259826660156, -73.115989685058551 ], [ -74.405082702636719, -73.113059997558594 ], [ -74.410003662109375, -73.109542846679673 ], [ -74.405921936035156, -73.104095458984332 ], [ -74.389633178710938, -73.101119995117159 ], [ -74.379661560058594, -73.095344543457003 ], [ -74.375526428222656, -73.090492248535114 ], [ -74.364997863769531, -73.086921691894474 ], [ -74.355232238769531, -73.072883605957003 ], [ -74.344612121582031, -73.05921936035152 ], [ -74.335365295410156, -73.057563781738253 ], [ -74.31475830078125, -73.065452575683537 ], [ -74.314300537109375, -73.070091247558565 ], [ -74.319671630859375, -73.072875976562443 ], [ -74.324554443359375, -73.080291748046832 ], [ -74.3193359375, -73.085716247558551 ], [ -74.27801513671875, -73.095207214355426 ], [ -74.22802734375, -73.096961975097628 ], [ -74.149871826171875, -73.106910705566364 ], [ -74.046630859375, -73.097190856933551 ], [ -74.02960205078125, -73.098121643066378 ], [ -73.93871178485324, -73.112678171210575 ], [ -73.911315917968764, -73.119880676269503 ], [ -73.883160490589546, -73.116594284817609 ] ], [ [ -71.515364373383292, -73.231945765677864 ], [ -71.5239531844162, -73.234583946355613 ], [ -71.521527802659691, -73.237452272887452 ], [ -71.508893632746478, -73.239077373321607 ], [ -71.494655062386386, -73.238219930696445 ], [ -71.484723835840498, -73.235967600892749 ], [ -71.480171965629509, -73.232941800198532 ], [ -71.484214545732598, -73.230229744636091 ], [ -71.503014943059696, -73.230236511599813 ], [ -71.515364373383292, -73.231945765677864 ] ], [ [ -71.491084912829422, -73.07526927261064 ], [ -71.504906189130807, -73.079459295875594 ], [ -71.516612770012031, -73.080857639551539 ], [ -71.520331297829998, -73.083803774870645 ], [ -71.516325545558288, -73.088065731582759 ], [ -71.504869847016153, -73.089535214270526 ], [ -71.488634442625212, -73.08743686705381 ], [ -71.472687824207298, -73.082004522806329 ], [ -71.471906993387876, -73.078826391528139 ], [ -71.477776676194907, -73.076038872956715 ], [ -71.491084912829422, -73.07526927261064 ] ], [ [ -71.465970319997325, -73.047744741410327 ], [ -71.481909054317796, -73.047752135815472 ], [ -71.486144020263112, -73.051008899045186 ], [ -71.480280593634973, -73.054571504595785 ], [ -71.468582047840769, -73.055496126877202 ], [ -71.459554722352749, -73.054096460385566 ], [ -71.450539530866465, -73.051146371153777 ], [ -71.455077330569964, -73.047971444204435 ], [ -71.465970319997325, -73.047744741410327 ] ], [ [ -71.427048982029802, -72.999983971209474 ], [ -71.437656293125627, -72.998441342752926 ], [ -71.451677840928255, -73.000852176984836 ], [ -71.449001992478159, -73.004725181049778 ], [ -71.444997007373956, -73.008984840107118 ], [ -71.428052798387853, -73.006803937146941 ], [ -71.423846823059463, -73.002771372900426 ], [ -71.427048982029802, -72.999983971209474 ] ], [ [ -71.269480429107261, -72.982606771969174 ], [ -71.26875638434538, -72.978653789245982 ], [ -71.272503292771859, -72.976179833782624 ], [ -71.278893806723289, -72.973709709734393 ], [ -71.286853626677015, -72.972171467585866 ], [ -71.295859741081173, -72.971254240146152 ], [ -71.311958621672318, -72.97336786533323 ], [ -71.319043576981358, -72.97717375122204 ], [ -71.314755686163011, -72.980887705736194 ], [ -71.309428575716751, -72.983205457993492 ], [ -71.296697015039541, -72.985048134696015 ], [ -71.281086607947259, -72.984793638629341 ], [ -71.269480429107261, -72.982606771969174 ] ], [ [ -71.209165819259496, -73.056592550474718 ], [ -71.224571689547702, -73.057084868660752 ], [ -71.239212816604336, -73.055947148590207 ], [ -71.259394511697124, -73.056909613914613 ], [ -71.269728736051704, -73.05870798597563 ], [ -71.282170949188398, -73.061748921210906 ], [ -71.290108640811013, -73.064085299887211 ], [ -71.298587854678658, -73.065957076856222 ], [ -71.308943785951442, -73.066978397491269 ], [ -71.318234829815282, -73.068152849031605 ], [ -71.317650065048866, -73.071717344660527 ], [ -71.310430748668267, -73.074110804743555 ], [ -71.300033383477455, -73.075414673003834 ], [ -71.287513296248434, -73.076249975935099 ], [ -71.274438141051718, -73.078323774948501 ], [ -71.263224272648273, -73.080322077145794 ], [ -71.250428104425723, -73.081387137640405 ], [ -71.2318111919367, -73.080581412189417 ], [ -71.219348063606191, -73.078312190832904 ], [ -71.204565495493569, -73.072705162611427 ], [ -71.196669892511849, -73.068815229471397 ], [ -71.198652486255511, -73.063316069970114 ], [ -71.19953326707207, -73.059520003121449 ], [ -71.209165819259496, -73.056592550474718 ] ], [ [ -71.179818990128013, -72.980668536872344 ], [ -71.189305637845294, -72.982391740757009 ], [ -71.197715342661837, -72.985042341445975 ], [ -71.214052186052371, -72.988481869145502 ], [ -71.214763758637886, -72.992435150085186 ], [ -71.188217705379557, -72.995485500419207 ], [ -71.163695525678207, -73.002101115566617 ], [ -71.147723418216287, -73.005167476361748 ], [ -71.136061058035779, -73.005297273917179 ], [ -71.124459644979325, -73.003101699451037 ], [ -71.113674739755623, -73.000209887422145 ], [ -71.107126735967711, -72.997482433032445 ], [ -71.107503671320686, -72.993376221901457 ], [ -71.113945861198218, -72.990136527771128 ], [ -71.126972070268337, -72.988073860849639 ], [ -71.151971623677923, -72.983323843143879 ], [ -71.166571707016104, -72.981416891961317 ], [ -71.179818990128013, -72.980668536872344 ] ], [ [ -71.106971967392553, -73.119474217463576 ], [ -71.120584087036022, -73.119272819064818 ], [ -71.13470137651133, -73.120156810134844 ], [ -71.143950939108251, -73.123665017233236 ], [ -71.128657154392172, -73.126809979943118 ], [ -71.117728837858635, -73.12624288041566 ], [ -71.105456155356549, -73.126059635090897 ], [ -71.098586616613886, -73.123562952447287 ], [ -71.106971967392553, -73.119474217463576 ] ], [ [ -68.915955305117123, -72.405634688023383 ], [ -68.949061983951367, -72.403461664646031 ], [ -68.967876411997182, -72.400932483716247 ], [ -68.992198948709216, -72.397469650141446 ], [ -69.007454800691306, -72.39295212435276 ], [ -69.022538553602146, -72.391296729001255 ], [ -69.035835274407759, -72.393101350546686 ], [ -69.045424215354387, -72.395785019969992 ], [ -69.048188923457033, -72.403179253603284 ], [ -69.058532155867653, -72.414856256462912 ], [ -69.065487852833954, -72.421686280172764 ], [ -69.074296173632789, -72.426371828577956 ], [ -69.079415722230607, -72.435345924294879 ], [ -69.088949030354584, -72.442208991747648 ], [ -69.097058600187822, -72.444715705264215 ], [ -69.122268616028009, -72.451547950495637 ], [ -69.133779676719442, -72.455490929937696 ], [ -69.138073954524288, -72.45965089404919 ], [ -69.136013639379684, -72.463342342440768 ], [ -69.083323438837454, -72.461731634260872 ], [ -69.071551422683086, -72.461422508737584 ], [ -69.059892000740376, -72.460339550952995 ], [ -69.047766407078541, -72.458939846747469 ], [ -69.006381642210144, -72.450485691716807 ], [ -68.93012917251221, -72.435344056318399 ], [ -68.903453652396138, -72.426992898409253 ], [ -68.882621461148233, -72.41748127363168 ], [ -68.877987402188737, -72.414317173234807 ], [ -68.877129200842035, -72.411593897504176 ], [ -68.878655412437624, -72.408362268682936 ], [ -68.890110714509461, -72.405503609405912 ], [ -68.901377935403488, -72.405507579356964 ], [ -68.915955305117123, -72.405634688023383 ] ], [ [ -68.024754841469587, -70.428307197481089 ], [ -68.014528571780716, -70.426398547794719 ], [ -68.008355000779062, -70.423725646574738 ], [ -68.007320083147292, -70.419386408227567 ], [ -68.011938309646723, -70.415550551970568 ], [ -68.016542283334701, -70.413025027315811 ], [ -68.024389837138827, -70.409101947817007 ], [ -68.037569585428386, -70.411148291159378 ], [ -68.042658294072751, -70.414722798639588 ], [ -68.039934819508773, -70.418290112814063 ], [ -68.040173725113192, -70.421995758786878 ], [ -68.043105344901747, -70.426065426127366 ], [ -68.03634077750327, -70.42908680597877 ], [ -68.024754841469587, -70.428307197481089 ] ], [ [ -74.178548099122651, -73.630871733752912 ], [ -74.18474440619967, -73.628305740073415 ], [ -74.193576562505086, -73.626715429152469 ], [ -74.200969453464225, -73.624754952149715 ], [ -74.214001498697385, -73.625284531712254 ], [ -74.219644185079133, -73.627774706278956 ], [ -74.22756478888013, -73.630701073322072 ], [ -74.228076311018214, -73.633802176604547 ], [ -74.220937725712403, -73.63731425924162 ], [ -74.205762818678295, -73.638910612908433 ], [ -74.182889347252257, -73.635555061839241 ], [ -74.178548099122651, -73.630871733752912 ] ], [ [ -74.220148853295242, -73.537031533525379 ], [ -74.22760582157963, -73.534059291396943 ], [ -74.234119907174062, -73.532031350292527 ], [ -74.253376828199166, -73.532552587862327 ], [ -74.256176040811027, -73.537875128359843 ], [ -74.246586446387113, -73.541187542261028 ], [ -74.232082202737928, -73.541301913792537 ], [ -74.220148853295242, -73.537031533525379 ] ], [ [ -71.732197046521918, -73.079242477599436 ], [ -71.722614314687519, -73.079095372479031 ], [ -71.711697637344159, -73.078561268361298 ], [ -71.705272604415129, -73.074070618660912 ], [ -71.707900077435824, -73.070193480185011 ], [ -71.718005317924167, -73.069875861437296 ], [ -71.727070275339855, -73.072038735762391 ], [ -71.735074897967621, -73.074357136252942 ], [ -71.740157027700405, -73.07691036739449 ], [ -71.732197046521918, -73.079242477599436 ] ], [ [ -71.931633586374346, -73.071221274101688 ], [ -71.943334674666119, -73.071044101577712 ], [ -71.948986852792316, -73.073900888931377 ], [ -71.940814133935021, -73.077249475743486 ], [ -71.931213761651733, -73.076337492929937 ], [ -71.931633586374346, -73.071221274101688 ] ], [ [ -71.747809252397261, -73.046677195719013 ], [ -71.754945097908859, -73.04349292927057 ], [ -71.765586755169934, -73.045032344577237 ], [ -71.764028198893513, -73.047978938375735 ], [ -71.747809252397261, -73.046677195719013 ] ], [ [ -71.675346615717274, -73.014647576806311 ], [ -71.669761159351225, -73.011783383449682 ], [ -71.676891796904826, -73.007827312485418 ], [ -71.688305000536474, -73.010222737992962 ], [ -71.68701077950513, -73.014485679182371 ], [ -71.675346615717274, -73.014647576806311 ] ], [ [ -71.630365478944739, -73.105578082480775 ], [ -71.641300790824545, -73.106891847754525 ], [ -71.637861898911183, -73.113016603526972 ], [ -71.629072850565279, -73.116042659312484 ], [ -71.618134965436383, -73.11550331529142 ], [ -71.606919961509945, -73.110545206835667 ], [ -71.602910558285501, -73.106282871641156 ], [ -71.606632607921625, -73.102251552004603 ], [ -71.619692592320433, -73.102480894404522 ], [ -71.630365478944739, -73.105578082480775 ] ], [ [ -71.582431741306465, -73.152097546638174 ], [ -71.57681555859979, -73.148454529883296 ], [ -71.590179521435147, -73.149228477280033 ], [ -71.592590459618435, -73.152561513077941 ], [ -71.582431741306465, -73.152097546638174 ] ], [ [ -71.561609093567995, -73.017545849344103 ], [ -71.573010564810204, -73.016073332183737 ], [ -71.591042242588429, -73.017311674367306 ], [ -71.598206093865699, -73.019557928953574 ], [ -71.59662483989932, -73.024827853092958 ], [ -71.596908854818238, -73.034669864284879 ], [ -71.591341107927519, -73.038778075846764 ], [ -71.579129124957333, -73.040174302586308 ], [ -71.565321738907002, -73.036764886718629 ], [ -71.543569402944897, -73.024054263285137 ], [ -71.547286635430353, -73.020799841699329 ], [ -71.561609093567995, -73.017545849344103 ] ], [ [ -74.099294346012485, -73.548992255298359 ], [ -74.118538870361476, -73.542380869194133 ], [ -74.144559751395292, -73.538865665050452 ], [ -74.164418350498295, -73.539698467316171 ], [ -74.173341923945486, -73.540670860430254 ], [ -74.177532762382882, -73.544578134392296 ], [ -74.152353658164074, -73.549951027612948 ], [ -74.132263447405222, -73.552925839838579 ], [ -74.1209657337007, -73.554311801660461 ], [ -74.108826874691587, -73.553843537749003 ], [ -74.10168212467687, -73.551991509465324 ], [ -74.099294346012485, -73.548992255298359 ] ], [ [ -73.853674586730179, -73.412782828596107 ], [ -73.87110863387845, -73.414989678171082 ], [ -73.870829913962723, -73.418796931934551 ], [ -73.859732857453537, -73.419157106621157 ], [ -73.851850033364713, -73.417228686605398 ], [ -73.853674586730179, -73.412782828596107 ] ], [ [ -73.772963183494895, -73.352444143246032 ], [ -73.782478603566062, -73.352726841484412 ], [ -73.792730597331328, -73.358434126338807 ], [ -73.798800798478581, -73.361238272544568 ], [ -73.801345213119589, -73.364004127430221 ], [ -73.804313738783762, -73.369870062293387 ], [ -73.805320927803265, -73.373274128305951 ], [ -73.811982783998175, -73.376381926848282 ], [ -73.81662972811894, -73.380598970281184 ], [ -73.827520447302661, -73.384823123894478 ], [ -73.833665566500883, -73.391972806893492 ], [ -73.83215986797002, -73.398743448604947 ], [ -73.824346867335606, -73.401160554945534 ], [ -73.805019282224251, -73.400834179725067 ], [ -73.792207955724621, -73.398492965362195 ], [ -73.779774735444335, -73.394904810427391 ], [ -73.769952787028913, -73.390511006484161 ], [ -73.760855408537836, -73.385410282948953 ], [ -73.753240292419449, -73.383242656603926 ], [ -73.73787885960823, -73.379917113501705 ], [ -73.734692309467803, -73.374285510130292 ], [ -73.724894780875474, -73.369889720266102 ], [ -73.719415989096788, -73.367387469141917 ], [ -73.724078435748154, -73.363689225507983 ], [ -73.73154618648789, -73.36073665214397 ], [ -73.738189579272515, -73.357715142357435 ], [ -73.747740827193496, -73.356213973143937 ], [ -73.756125896694471, -73.354104199991056 ], [ -73.772963183494895, -73.352444143246032 ] ], [ [ -73.4768608785688, -73.169681588347927 ], [ -73.465503719279369, -73.168705161584043 ], [ -73.466530139998454, -73.16598048856919 ], [ -73.476146955314036, -73.163483203469639 ], [ -73.486388578559243, -73.166408983814406 ], [ -73.4768608785688, -73.169681588347927 ] ], [ [ -73.449513799082169, -73.310827739062006 ], [ -73.439940176196586, -73.309754137261464 ], [ -73.434281468886226, -73.30747954153 ], [ -73.418237684444847, -73.304060224676206 ], [ -73.398545097479314, -73.304164815003062 ], [ -73.386783559170468, -73.305203757381733 ], [ -73.370836859276608, -73.302555742948499 ], [ -73.368024386553486, -73.29412427118352 ], [ -73.372659823606654, -73.289659870716207 ], [ -73.380644326093645, -73.28625105358725 ], [ -73.387163946719383, -73.284251855663712 ], [ -73.404767099401013, -73.280133075897837 ], [ -73.41984398593236, -73.277587965663542 ], [ -73.449521770871954, -73.275524582024346 ], [ -73.458833669054272, -73.276832701617664 ], [ -73.464421369766029, -73.280891547246696 ], [ -73.460387555571884, -73.285662865999811 ], [ -73.459045516572814, -73.29040854782167 ], [ -73.45673155841078, -73.296094583093762 ], [ -73.459589778332017, -73.304524833240791 ], [ -73.456763746711246, -73.308120916699281 ], [ -73.449513799082169, -73.310827739062006 ] ], [ [ -73.317307419810732, -73.453887633681532 ], [ -73.32406521076372, -73.450879277170642 ], [ -73.333629939232011, -73.451183407882269 ], [ -73.337265339399181, -73.454566432561194 ], [ -73.328774737072123, -73.456659093589806 ], [ -73.317307419810732, -73.453887633681532 ] ], [ [ -73.308749393848331, -73.32281585912115 ], [ -73.317258629715027, -73.324060313651188 ], [ -73.317916937999271, -73.327701250033456 ], [ -73.311699403983027, -73.330238656178381 ], [ -73.302041808373303, -73.330943668246078 ], [ -73.292384688395259, -73.32908774671553 ], [ -73.290095654340291, -73.325305691931163 ], [ -73.297869106423121, -73.322134786248398 ], [ -73.308749393848331, -73.32281585912115 ] ], [ [ -72.368208633212078, -73.381253324596386 ], [ -72.389812484951463, -73.379614055405668 ], [ -72.414081534978692, -73.377185438602694 ], [ -72.425913932503562, -73.375428318608243 ], [ -72.436926987109743, -73.373596495626444 ], [ -72.4467708555554, -73.375259947360135 ], [ -72.445686937093825, -73.380306933462393 ], [ -72.440205049631885, -73.389329526845842 ], [ -72.432534548364885, -73.393008908968355 ], [ -72.424261091048308, -73.395604543918438 ], [ -72.412074468519776, -73.396044305488857 ], [ -72.400625844511652, -73.39500632237413 ], [ -72.386233069536146, -73.38932534468313 ], [ -72.37935777484519, -73.387414082984165 ], [ -72.36839864851737, -73.385131162711929 ], [ -72.368208633212078, -73.381253324596386 ] ], [ [ -72.679103339020429, -73.384574541347305 ], [ -72.691772755021162, -73.379538585462512 ], [ -72.700867544404332, -73.377780454883805 ], [ -72.709288697236232, -73.374163880594594 ], [ -72.719560281300787, -73.373794570979015 ], [ -72.724633374665601, -73.376558072704142 ], [ -72.726235075688734, -73.380039858628592 ], [ -72.727273396133498, -73.383214614910869 ], [ -72.721507724359725, -73.386040896865353 ], [ -72.711700348604154, -73.389278105927374 ], [ -72.701472667747737, -73.390422530185063 ], [ -72.68811715684302, -73.389489309220721 ], [ -72.680643355830966, -73.387281253585584 ], [ -72.679103339020429, -73.384574541347305 ] ], [ [ -72.296802210881481, -73.38478500875928 ], [ -72.287002032801624, -73.383889730756209 ], [ -72.272169958238024, -73.379443595944792 ], [ -72.268249544488825, -73.376509774276968 ], [ -72.272129915795105, -73.372229830355238 ], [ -72.280743979476824, -73.370958115486573 ], [ -72.29020693226407, -73.37053620329074 ], [ -72.30289861103158, -73.369636551925026 ], [ -72.322565794054839, -73.367313573322619 ], [ -72.330502126043143, -73.369067438038471 ], [ -72.331759396589732, -73.372785935679701 ], [ -72.319990233923377, -73.376088599017123 ], [ -72.309032843824809, -73.379465134214058 ], [ -72.296802210881481, -73.38478500875928 ] ], [ [ -72.513077919157382, -73.373793237987414 ], [ -72.512249499055898, -73.368832506323116 ], [ -72.526682232766802, -73.365505617739515 ], [ -72.541945923581835, -73.367138245986624 ], [ -72.544371362181252, -73.371470478685666 ], [ -72.543831825841167, -73.376049979378095 ], [ -72.539461084217933, -73.380027612232084 ], [ -72.519628871923388, -73.37926984212244 ], [ -72.511667416910967, -73.377523444970947 ], [ -72.513077919157382, -73.373793237987414 ] ], [ [ -74.480883739296161, -73.65247756670135 ], [ -74.476265012893535, -73.649823731880289 ], [ -74.466471687910413, -73.64600035754502 ], [ -74.465541331751211, -73.642361120306617 ], [ -74.473188495953067, -73.637355886650056 ], [ -74.486099159809854, -73.637092895027706 ], [ -74.491787869774114, -73.639575553544887 ], [ -74.496920786303605, -73.643542701410709 ], [ -74.490165884584371, -73.650401306110552 ], [ -74.480883739296161, -73.65247756670135 ] ], [ [ -71.567203060907815, -73.215747376701941 ], [ -71.579276798609712, -73.213808572759277 ], [ -71.597787640418645, -73.21248833813857 ], [ -71.609056619763365, -73.212796284513772 ], [ -71.623819688045046, -73.214730759694575 ], [ -71.627854867206651, -73.21744316056278 ], [ -71.64021113258886, -73.219919919609595 ], [ -71.656057105708513, -73.221696551954935 ], [ -71.664934758403419, -73.224871172985061 ], [ -71.658505014050576, -73.227355409422785 ], [ -71.649658978954065, -73.230383243358929 ], [ -71.635166200651184, -73.232870028581431 ], [ -71.608848415532776, -73.235513802688786 ], [ -71.596762295911788, -73.237454510809044 ], [ -71.581716022920077, -73.238076636777862 ], [ -71.565593688034284, -73.236526604696664 ], [ -71.560489482694535, -73.233967860421131 ], [ -71.571233841892322, -73.230866392663515 ], [ -71.580363522873029, -73.2283847762383 ], [ -71.583582095010087, -73.224817915465508 ], [ -71.575522505889381, -73.217065164854588 ], [ -71.567203060907815, -73.215747376701941 ] ], [ [ -71.393430598275458, -73.201458689361573 ], [ -71.385490125438807, -73.200372272067654 ], [ -71.383073986917267, -73.198727537513932 ], [ -71.385843106581376, -73.197744547130824 ], [ -71.38713810635862, -73.198027289787973 ], [ -71.392184186496124, -73.196483095762289 ], [ -71.398019171803767, -73.197051250902774 ], [ -71.400118563952844, -73.198038522299271 ], [ -71.398154479315139, -73.19972633267038 ], [ -71.393430598275458, -73.201458689361573 ] ], [ [ -71.088458610244146, -73.103566340261267 ], [ -71.083797629573695, -73.102945055040863 ], [ -71.082694160716358, -73.10205088521603 ], [ -71.084499759415863, -73.100976151521962 ], [ -71.089531037184472, -73.099909218232028 ], [ -71.096134925403931, -73.100253484072354 ], [ -71.098521578494882, -73.101432132004518 ], [ -71.095751551793214, -73.102410859431387 ], [ -71.088458610244146, -73.103566340261267 ] ], [ [ -68.225463114028486, -71.958174744200448 ], [ -68.21748294426385, -71.955593566730272 ], [ -68.217837147130581, -71.955318832811997 ], [ -68.220140165211461, -71.954329669763951 ], [ -68.226163942779323, -71.95284551078268 ], [ -68.23236820497344, -71.953613629239726 ], [ -68.23928434813709, -71.955425234458744 ], [ -68.242126655250686, -71.958006751514006 ], [ -68.225463114028486, -71.958174744200448 ] ], [ [ -68.018707055942542, -70.361243932700589 ], [ -68.016535480520403, -70.35872560672162 ], [ -68.017276685409101, -70.357714525370909 ], [ -68.023544534057734, -70.356818604912348 ], [ -68.02613701925614, -70.357805770764173 ], [ -68.02724840132089, -70.360815168421155 ], [ -68.018707055942542, -70.361243932700589 ] ] ] } }
]
}
